bench-name,cpp-time,cpp-memo,mvs-time,mvs-memo,swift-time,swift-memo,scala-time,scala-memo
gen2,351947679.0,0.0,89186816.0,0.0,66863784.0,0.0,36428240.0,0.0
gen3,4644012.0,0.0,1734144.0,0.0,1323390.5,0.0,3923542.5,0.0
gen4,403720.0,0.0,272128.0,0.0,239210.5,0.0,446490.0,0.0
gen5,5346011.5,0.0,561664.0,0.0,549563.0,0.0,872187.5,0.0
gen6,15886132.0,0.0,10286080.0,0.0,2108370.0,0.0,3904940.5,0.0
gen7,458713801.5,0.0,86176896.0,0.0,41589818.0,0.0,15707151.0,0.0
gen8,76454578.0,0.0,32156032.0,0.0,19951010.5,0.0,12342402.5,0.0
gen9,99875553.0,0.0,18069632.0,0.0,15414020.0,0.0,6136899.0,0.0
gen10,363005494.0,0.0,77351936.0,0.0,52741443.5,0.0,19177956.5,0.0
gen12,414982862.5,0.0,55171328.0,0.0,24575104.5,0.0,15336985.5,0.0
gen13,101541.0,0.0,183296.0,0.0,141817.0,0.0,1050329.5,0.0
gen14,3901489.0,0.0,2918656.0,0.0,2123904.5,0.0,5065108.0,0.0
gen16,25751291.0,0.0,7123072.0,0.0,1025858.5,0.0,2069858.0,0.0
gen17,146172739.5,0.0,63442048.0,0.0,39916416.5,0.0,37593293.5,0.0
gen18,1311249.5,0.0,297984.0,0.0,349668.0,0.0,935465.0,0.0
gen19,1298420.5,0.0,340480.0,0.0,1204.5,0.0,1193843.5,0.0
gen20,129019056.5,0.0,40581120.0,0.0,25048747.5,0.0,21396334.5,0.0
gen21,56469187.5,0.0,26488576.0,0.0,13261506.5,0.0,10898651.0,0.0
gen22,1320852.0,0.0,1285248.0,0.0,831199.0,0.0,4391585.0,0.0
gen23,1380604.0,0.0,404736.0,0.0,299739.0,0.0,915079.5,0.0
gen24,309315552.0,0.0,25191168.0,0.0,14051299.0,0.0,8801815.0,0.0
gen25,128422.0,0.0,315136.0,0.0,283469.5,0.0,1358955.0,0.0
gen26,82674.5,0.0,356480.0,0.0,463572.5,0.0,2475436.0,0.0
gen27,871120321.0,0.0,16133504.0,0.0,6174173.0,0.0,3365682.0,0.0
gen28,28934149.0,0.0,2249472.0,0.0,1746732.0,0.0,3450224.5,0.0
gen29,2634960.5,0.0,1369600.0,0.0,811730.0,0.0,1965760.5,0.0
gen30,45331677.5,0.0,9674240.0,0.0,5845243.0,0.0,2597149.0,0.0
gen31,318293.0,0.0,700928.0,0.0,645012.0,0.0,2367256.5,0.0
gen32,54176123.5,0.0,15498624.0,0.0,9879772.5,0.0,6325232.5,0.0
gen33,31303161.0,0.0,956032.0,0.0,276137.0,0.0,1742558.0,0.0
gen34,137387751.0,0.0,22599296.0,0.0,16337295.0,0.0,5818755.0,0.0
gen35,304133.5,0.0,535296.0,0.0,464205.5,0.0,1444298.5,0.0
gen36,8581191.0,0.0,373248.0,0.0,6274.5,0.0,71651.0,0.0
gen37,3261205.0,0.0,1406976.0,0.0,753324.5,0.0,2273989.5,0.0
gen38,1081196617.0,0.0,155932416.0,0.0,89029755.0,0.0,15913497.5,0.0
gen39,4139935.0,0.0,4409600.0,0.0,4240994.0,0.0,6822139.0,0.0
gen40,868663768.0,0.0,120067840.0,0.0,103238561.5,0.0,23161725.5,0.0
gen41,1556031653.0,0.0,126701824.0,0.0,112481170.0,0.0,38205295.0,0.0
gen42,10097336.0,0.0,3382144.0,0.0,1894846.5,0.0,4154851.0,0.0
gen43,4186150.0,0.0,804992.0,0.0,357179.0,0.0,2336208.0,0.0
gen44,64098297.5,0.0,6615168.0,0.0,503857.0,0.0,192960.0,0.0
gen45,55838278.5,0.0,19682944.0,0.0,8623518.5,0.0,5454815.5,0.0
gen46,928264.0,0.0,1349632.0,0.0,1297708.5,0.0,2860618.0,0.0
gen47,210825.5,0.0,499200.0,0.0,650548.5,0.0,3115113.5,0.0
gen48,398789606.5,0.0,56636288.0,0.0,41296032.0,0.0,22825758.0,0.0
gen49,368023664.5,0.0,92382592.0,0.0,5478196.0,0.0,15905531.0,0.0
gen50,21712755.5,0.0,7012992.0,0.0,5701700.0,0.0,7033591.5,0.0
gen51,55727694.5,0.0,19734016.0,0.0,1260678.0,0.0,5652225.0,0.0
gen52,26609639.0,0.0,7240576.0,0.0,1287.5,0.0,118597.0,0.0
gen53,1218012.0,0.0,283392.0,0.0,315157.5,0.0,811045.0,0.0
gen54,7520733.5,0.0,1235584.0,0.0,795276.5,0.0,1700067.0,0.0
gen55,46091416.5,0.0,4588416.0,0.0,337195.0,0.0,2575012.0,0.0
gen56,18145124.0,0.0,256.0,0.0,5922.0,0.0,96175.5,0.0
gen57,96007.5,0.0,158976.0,0.0,146110.5,0.0,1575993.5,0.0
gen58,25429275.0,0.0,1301248.0,0.0,1226330.0,0.0,1424360.0,0.0
gen59,81897.0,0.0,214784.0,0.0,275586.0,0.0,1197053.0,0.0
gen60,7495454.5,0.0,2964608.0,0.0,633402.5,0.0,1887241.0,0.0
gen61,46098724.5,0.0,610176.0,0.0,836211.0,0.0,1169169.0,0.0
gen62,200158098.5,0.0,50864640.0,0.0,1943738.0,0.0,5491160.0,0.0
gen63,12624810.5,0.0,7803136.0,0.0,4528936.5,0.0,5739924.5,0.0
gen64,236305.0,0.0,601216.0,0.0,796262.5,0.0,2167765.0,0.0
gen65,4471527.0,0.0,647680.0,0.0,5525.0,0.0,32521.5,0.0
gen66,2534666.0,0.0,2246528.0,0.0,1773867.5,0.0,5503909.5,0.0
gen67,55717855.0,0.0,6153984.0,0.0,3293262.0,0.0,3775076.0,0.0
gen68,348099.5,0.0,141312.0,0.0,150978.0,0.0,1036933.5,0.0
gen69,105701888.0,0.0,5207424.0,0.0,3762496.0,0.0,2250651.5,0.0
gen70,23726040.5,0.0,11495424.0,0.0,6751594.5,0.0,8086397.0,0.0
gen71,50275187.0,0.0,1456000.0,0.0,769665.0,0.0,688996.0,0.0
gen72,3531818.0,0.0,623104.0,0.0,313282.5,0.0,1745828.0,0.0
gen73,11014213.0,0.0,501120.0,0.0,884081.5,0.0,2272521.5,0.0
gen74,195356115.0,0.0,118716288.0,0.0,113626552.0,0.0,73772533.5,0.0
gen75,317166.5,0.0,256.0,0.0,1258.0,0.0,3002048.5,0.0
gen76,603606642.0,0.0,64118272.0,0.0,37423105.5,0.0,27035681.0,0.0
gen77,2702676.5,0.0,609920.0,0.0,141987.0,0.0,2170890.5,0.0
gen78,82233.0,0.0,256.0,0.0,1278.0,0.0,1110356.0,0.0
gen79,124572105.0,0.0,2913408.0,0.0,1605231.5,0.0,1667205.5,0.0
gen80,169516.0,0.0,127360.0,0.0,1326.0,0.0,1617032.0,0.0
gen81,915629942.0,0.0,137341952.0,0.0,14126039.5,0.0,22641084.5,0.0
gen82,25809386.0,0.0,4476032.0,0.0,2152933.5,0.0,2686648.5,0.0
gen83,302118.5,0.0,256.0,0.0,5484.5,0.0,72082.5,0.0
gen84,10740581.0,0.0,1833984.0,0.0,2334716.5,0.0,5755061.5,0.0
gen85,42398.0,0.0,256.0,0.0,1193.0,0.0,605231.0,0.0
gen86,126850617.5,0.0,42211584.0,0.0,32433101.0,0.0,17161720.5,0.0
gen87,1385538.5,0.0,164480.0,0.0,5443.5,0.0,47094.0,0.0
gen88,6291201.0,0.0,1416320.0,0.0,667514.0,0.0,803872.5,0.0
gen89,28848046.5,0.0,920320.0,0.0,561989.0,0.0,481132.0,0.0
gen90,15021468.5,0.0,733696.0,0.0,1252.5,0.0,65345.5,0.0
gen91,11388364.5,0.0,129792.0,0.0,1217.5,0.0,603677.5,0.0
gen92,115468613.0,0.0,17659520.0,0.0,12440728.0,0.0,6707048.5,0.0
gen93,4522986.5,0.0,3568640.0,0.0,2580928.5,0.0,4837963.0,0.0
gen96,113793647.5,0.0,56091008.0,0.0,32464523.5,0.0,27007609.5,0.0
gen97,225436959.5,0.0,32056448.0,0.0,29286683.5,0.0,17193145.0,0.0
gen100,96802176.0,0.0,54218880.0,0.0,42825867.0,0.0,45060098.0,0.0
gen101,46104069.5,0.0,16066304.0,0.0,7715923.0,0.0,8679170.0,0.0
gen102,122733.0,0.0,326656.0,0.0,276448.0,0.0,1202376.0,0.0
gen103,61860529.5,0.0,31525504.0,0.0,21566350.0,0.0,18227583.0,0.0
gen104,404198862.0,0.0,53857152.0,0.0,42777015.5,0.0,27421691.5,0.0
gen105,360736.0,0.0,1014400.0,0.0,1379467.5,0.0,2971857.5,0.0
gen106,25065499.0,0.0,759680.0,0.0,778925.0,0.0,861220.5,0.0
gen107,127263.0,0.0,377088.0,0.0,476795.0,0.0,1480402.0,0.0
gen108,370074793.5,0.0,72938112.0,0.0,26378426.0,0.0,18771693.5,0.0
gen109,530936.0,0.0,989952.0,0.0,883751.5,0.0,2696405.5,0.0
gen111,54431542.0,0.0,5354880.0,0.0,5071861.0,0.0,4135879.0,0.0
gen112,119486507.0,0.0,35726592.0,0.0,15589309.0,0.0,15148283.5,0.0
gen113,82694.0,0.0,297088.0,0.0,277630.5,0.0,2097996.5,0.0
gen114,43131.0,0.0,256.0,0.0,1251.5,0.0,446014.0,0.0
gen115,86127657.5,0.0,45754880.0,0.0,22427503.5,0.0,14265986.0,0.0
gen116,44347135.5,0.0,29287680.0,0.0,23258628.5,0.0,22443017.0,0.0
gen117,72553615.5,0.0,35077504.0,0.0,18441067.0,0.0,16180854.0,0.0
gen118,29693101.0,0.0,8657280.0,0.0,6042289.0,0.0,5287025.0,0.0
gen119,122937.0,0.0,337664.0,0.0,330509.0,0.0,917950.0,0.0
gen120,656563.5,0.0,1648640.0,0.0,2035788.0,0.0,4062428.5,0.0
gen121,7978183.5,0.0,921856.0,0.0,580171.5,0.0,2081524.5,0.0
gen122,107674816.0,0.0,11000960.0,0.0,12336931.0,0.0,5022502.0,0.0
gen123,85326768.0,0.0,18086784.0,0.0,11034582.5,0.0,8957894.0,0.0
gen124,60717930.5,0.0,25853952.0,0.0,13253269.5,0.0,12392747.5,0.0
gen125,1758607.0,0.0,843520.0,0.0,690881.5,0.0,2402450.0,0.0
gen126,452355681.5,0.0,56421760.0,0.0,42428659.5,0.0,27965246.5,0.0
gen127,1048358.5,0.0,291584.0,0.0,4653.0,0.0,33293.0,0.0
gen128,19271545.0,0.0,4068992.0,0.0,4648.0,0.0,76857.0,0.0
gen129,1914389.5,0.0,702976.0,0.0,411235.5,0.0,1373484.0,0.0
gen130,13582263.0,0.0,291584.0,0.0,7948.0,0.0,420326.0,0.0
gen131,20661239.5,0.0,1611904.0,0.0,1431858.5,0.0,1439773.0,0.0
gen132,56550444.0,0.0,25385344.0,0.0,4427816.5,0.0,7257474.0,0.0
gen133,79169.0,0.0,204800.0,0.0,273942.0,0.0,941982.0,0.0
gen134,965141.0,0.0,290560.0,0.0,4644.5,0.0,35854.0,0.0
gen135,50826730.5,0.0,745216.0,0.0,1489428.5,0.0,1664401.5,0.0
gen136,132220509.0,0.0,25192192.0,0.0,17798919.0,0.0,12014714.5,0.0
gen137,35557220.5,0.0,6534400.0,0.0,4937522.0,0.0,4273154.0,0.0
gen138,77457.5,0.0,208256.0,0.0,275842.5,0.0,1625382.0,0.0
gen140,619253.5,0.0,371712.0,0.0,288712.0,0.0,1269606.5,0.0
gen141,1656946287.5,0.0,127001472.0,0.0,90401655.0,0.0,31563895.5,0.0
gen142,186776215.5,0.0,25462656.0,0.0,15582744.0,0.0,9365237.0,0.0
gen143,13141779.5,0.0,1943936.0,0.0,2948536.0,0.0,2370539.5,0.0
gen144,11407967.5,0.0,3444480.0,0.0,2697212.0,0.0,2697479.0,0.0
gen145,81926.5,0.0,203776.0,0.0,274949.5,0.0,898920.5,0.0
gen146,123302.5,0.0,326656.0,0.0,446412.5,0.0,899664.5,0.0
gen147,18375583.0,0.0,6717184.0,0.0,1510719.5,0.0,2302176.0,0.0
gen148,214413694.5,0.0,105103872.0,0.0,42875206.5,0.0,22985926.0,0.0
gen149,27207265.5,0.0,1589120.0,0.0,5447.5,0.0,96780.5,0.0
gen151,263116465.5,0.0,32250880.0,0.0,24723586.0,0.0,10959173.0,0.0
gen152,12478213.0,0.0,1414912.0,0.0,569172.0,0.0,914404.5,0.0
gen153,2279006.0,0.0,2051456.0,0.0,2082876.0,0.0,5298926.0,0.0
gen154,1274786.5,0.0,594688.0,0.0,393582.0,0.0,1673081.0,0.0
gen155,378636482.0,0.0,72980480.0,0.0,48081814.5,0.0,16018875.0,0.0
gen156,732260514.0,0.0,51000704.0,0.0,26450240.5,0.0,22591767.0,0.0
gen157,508106314.0,0.0,39267968.0,0.0,21773077.0,0.0,10767242.5,0.0
gen158,7101864.5,0.0,9764224.0,0.0,9493521.0,0.0,12438845.5,0.0
gen159,992683503.5,0.0,95332864.0,0.0,48413505.0,0.0,29209913.0,0.0
gen160,27301530.5,0.0,445696.0,0.0,5531.5,0.0,60211.0,0.0
gen161,760561.5,0.0,256.0,0.0,5451.0,0.0,49351.5,0.0
gen162,75731001.0,0.0,10198016.0,0.0,10710113.5,0.0,7947991.0,0.0
gen163,135189.5,0.0,256128.0,0.0,268255.0,0.0,1364893.0,0.0
gen164,66262405.0,0.0,7222400.0,0.0,4187199.0,0.0,4240397.0,0.0
gen165,263925064.5,0.0,46048128.0,0.0,31917930.0,0.0,25928944.5,0.0
gen166,11449280.0,0.0,1959168.0,0.0,1026301.0,0.0,1529255.0,0.0
gen167,9076112.5,0.0,3095936.0,0.0,223702.0,0.0,1950581.5,0.0
gen168,397927.0,0.0,793600.0,0.0,616647.0,0.0,2460947.5,0.0
gen169,12842055.5,0.0,82688.0,0.0,5509.5,0.0,58197.0,0.0
gen170,565750.5,0.0,1378688.0,0.0,1569166.5,0.0,4427852.0,0.0
gen171,8887690.0,0.0,5368576.0,0.0,3279206.0,0.0,5737901.0,0.0
gen172,459971539.0,0.0,96787840.0,0.0,71062589.5,0.0,35050496.0,0.0
gen173,30284131.0,0.0,6716416.0,0.0,5909109.5,0.0,5949345.5,0.0
gen174,4933489.5,0.0,1481472.0,0.0,1003855.5,0.0,2055076.5,0.0
gen175,209.0,0.0,256.0,0.0,1164.0,0.0,3593.5,0.0
gen176,297102185.5,0.0,76855424.0,0.0,11898045.5,0.0,6372116.0,0.0
gen177,69735842.5,0.0,7251584.0,0.0,3686003.0,0.0,2035952.0,0.0
gen178,45996399.5,0.0,21240192.0,0.0,18037336.5,0.0,8870915.0,0.0
gen179,183544738.5,0.0,56301056.0,0.0,27283016.0,0.0,17585887.0,0.0
gen180,9685125.5,0.0,2689024.0,0.0,1891903.0,0.0,3926848.0,0.0
gen181,1978443.0,0.0,207360.0,0.0,409353.5,0.0,1118867.0,0.0
gen182,3300294.0,0.0,1531136.0,0.0,1187.0,0.0,3675123.0,0.0
gen184,207597607.0,0.0,24288896.0,0.0,11926892.0,0.0,12482027.5,0.0
gen185,5660566.5,0.0,1226880.0,0.0,1282299.0,0.0,1209947.5,0.0
gen186,35604373.5,0.0,12321920.0,0.0,8592384.0,0.0,5878105.5,0.0
gen187,477182263.0,0.0,15052672.0,0.0,11418654.0,0.0,7071982.0,0.0
gen188,1335367.5,0.0,1306496.0,0.0,1522336.5,0.0,2798996.5,0.0
gen189,105680033.5,0.0,33673344.0,0.0,22424966.5,0.0,13142219.5,0.0
gen190,2036785.0,0.0,1463168.0,0.0,1534800.5,0.0,4684103.5,0.0
gen192,82488.5,0.0,244992.0,0.0,275452.5,0.0,2425168.5,0.0
gen193,328016124.5,0.0,55488384.0,0.0,28048390.5,0.0,18964192.5,0.0
gen194,2858836.0,0.0,1219712.0,0.0,1256699.0,0.0,2400315.5,0.0
gen195,27463338.0,0.0,919168.0,0.0,1326.5,0.0,9165.0,0.0
gen196,11808435.0,0.0,331392.0,0.0,267283.0,0.0,381934.5,0.0
gen197,4902456.0,0.0,3799296.0,0.0,4611568.0,0.0,4639938.5,0.0
gen199,12161597.0,0.0,3465216.0,0.0,2962846.0,0.0,2769998.5,0.0
gen200,768361.5,0.0,277120.0,0.0,236352.5,0.0,428495.0,0.0
gen201,99189026.5,0.0,39575808.0,0.0,16105133.0,0.0,13579833.0,0.0
gen202,105191121.0,0.0,25804800.0,0.0,7525198.0,0.0,7731868.0,0.0
gen203,6267695.5,0.0,4243328.0,0.0,4568306.5,0.0,5517335.0,0.0
gen204,71774739.0,0.0,24986368.0,0.0,15085319.5,0.0,11257093.0,0.0
gen205,34442474.5,0.0,4815104.0,0.0,1350334.5,0.0,2843492.5,0.0
gen206,80613803.5,0.0,22477312.0,0.0,8514902.5,0.0,5526394.0,0.0
gen207,24243147.5,0.0,336000.0,0.0,1305.5,0.0,22366.5,0.0
gen208,25381836.0,0.0,5157376.0,0.0,4674.5,0.0,45226.0,0.0
gen209,210269.5,0.0,465408.0,0.0,474047.0,0.0,2126188.5,0.0
gen210,96373374.0,0.0,46905216.0,0.0,32370883.5,0.0,22343094.0,0.0
gen212,1859570.0,0.0,1077888.0,0.0,671517.5,0.0,2261962.0,0.0
gen213,426559.0,0.0,256.0,0.0,1216.5,0.0,1036865.0,0.0
gen214,127034136.0,0.0,36009088.0,0.0,19266975.0,0.0,15029781.0,0.0
gen215,39860.5,0.0,256.0,0.0,1194.5,0.0,423004.5,0.0
gen216,75088117.5,0.0,7154048.0,0.0,5901540.5,0.0,4402425.5,0.0
gen217,4032842.5,0.0,4094976.0,0.0,4056018.0,0.0,4978174.5,0.0
gen218,15015700.5,0.0,3320320.0,0.0,771444.5,0.0,2413787.0,0.0
gen219,2335781.0,0.0,560896.0,0.0,1231.0,0.0,673752.5,0.0
gen220,48140649.0,0.0,2479744.0,0.0,3601892.0,0.0,965583.5,0.0
gen221,35322278.0,0.0,8828928.0,0.0,7329314.0,0.0,8058910.5,0.0
gen222,160179.5,0.0,459776.0,0.0,549469.0,0.0,2746229.0,0.0
gen223,84328.5,0.0,242432.0,0.0,278707.5,0.0,1339995.0,0.0
gen224,95894059.0,0.0,31353984.0,0.0,22297549.5,0.0,14012770.5,0.0
gen225,126559.0,0.0,206336.0,0.0,278859.0,0.0,1423413.0,0.0
gen226,15142640.0,0.0,3279872.0,0.0,1359612.0,0.0,2942199.0,0.0
gen227,44777.5,0.0,256.0,0.0,1261.5,0.0,645559.5,0.0
gen228,4329903.0,0.0,4752000.0,0.0,5797360.5,0.0,6665814.0,0.0
gen229,1532855.0,0.0,1245568.0,0.0,1207254.5,0.0,2697159.0,0.0
gen230,42047986.5,0.0,14781312.0,0.0,7724498.0,0.0,6846232.0,0.0
gen231,1009231.0,0.0,245760.0,0.0,6311.0,0.0,35186.0,0.0
gen232,3206418.0,0.0,2503168.0,0.0,2693571.0,0.0,5037326.5,0.0
gen233,725532.5,0.0,287744.0,0.0,281679.5,0.0,2190233.0,0.0
gen234,1381087.5,0.0,249216.0,0.0,283659.5,0.0,1117856.5,0.0
gen235,11388787.5,0.0,325632.0,0.0,265213.0,0.0,377800.0,0.0
gen236,318486358.5,0.0,16176256.0,0.0,8380790.0,0.0,4747223.5,0.0
gen237,207458954.5,0.0,18813184.0,0.0,12711108.0,0.0,8709624.0,0.0
gen238,7469511.0,0.0,2292992.0,0.0,1397647.5,0.0,2929957.0,0.0
gen239,25770966.5,0.0,5681664.0,0.0,3888400.5,0.0,3621700.0,0.0
gen240,1355558.0,0.0,1451648.0,0.0,1329452.5,0.0,4169819.0,0.0
gen242,422688758.0,0.0,14956288.0,0.0,11384872.0,0.0,2521473.5,0.0
gen243,159518786.5,0.0,6687232.0,0.0,1615662.5,0.0,265514.0,0.0
gen244,2144848.0,0.0,2741760.0,0.0,3091219.5,0.0,5037958.0,0.0
gen245,7007692.5,0.0,5906176.0,0.0,6203237.0,0.0,5490441.5,0.0
gen246,713278.5,0.0,2377472.0,0.0,2813798.0,0.0,6902739.0,0.0
gen247,24824766.5,0.0,11116672.0,0.0,6201556.5,0.0,6915433.5,0.0
gen248,135426898.0,0.0,4825344.0,0.0,2551990.0,0.0,4597551.5,0.0
gen249,2053459.5,0.0,334848.0,0.0,5451.5,0.0,31865.0,0.0
gen250,1062178.0,0.0,965376.0,0.0,1022026.5,0.0,1612331.0,0.0
gen251,292839709.5,0.0,112064256.0,0.0,75833779.5,0.0,46335186.0,0.0
gen252,2171337.0,0.0,1944448.0,0.0,2267874.0,0.0,4171211.0,0.0
gen253,56044482.5,0.0,21974528.0,0.0,13867867.0,0.0,7988694.5,0.0
gen254,80890.0,0.0,237312.0,0.0,274447.5,0.0,1390873.0,0.0
gen255,4819203.0,0.0,1746048.0,0.0,1005192.5,0.0,2005984.0,0.0
gen256,38050868.5,0.0,14660736.0,0.0,9453487.5,0.0,1503090.0,0.0
gen257,44871955.0,0.0,3707264.0,0.0,2978021.5,0.0,2758152.5,0.0
gen258,46073653.0,0.0,11241088.0,0.0,7932780.0,0.0,6141832.0,0.0
gen259,129618904.5,0.0,35583104.0,0.0,24466488.5,0.0,13341006.0,0.0
gen260,538983.0,0.0,262144.0,0.0,280195.0,0.0,1535809.5,0.0
gen261,15425024.0,0.0,3648768.0,0.0,3776640.0,0.0,5460296.5,0.0
gen262,22191606.5,0.0,2686848.0,0.0,2448421.0,0.0,2176508.5,0.0
gen263,510001967.0,0.0,50555264.0,0.0,33258487.5,0.0,22704792.0,0.0
gen264,518636831.5,0.0,22626688.0,0.0,10518594.5,0.0,7885689.5,0.0
gen265,60507121.0,0.0,16160640.0,0.0,11454520.5,0.0,6568883.0,0.0
gen266,253592.0,0.0,285952.0,0.0,149632.0,0.0,696313.0,0.0
gen267,84313.0,0.0,230656.0,0.0,278275.5,0.0,1862332.5,0.0
gen268,136523446.5,0.0,4444288.0,0.0,4569124.0,0.0,1948287.5,0.0
gen269,31974741.0,0.0,14460160.0,0.0,13517800.0,0.0,9087836.0,0.0
gen270,274074.5,0.0,346880.0,0.0,454538.0,0.0,1947892.5,0.0
gen271,149439.0,0.0,169600.0,0.0,165592.5,0.0,748309.0,0.0
gen272,7251972.0,0.0,650752.0,0.0,5538.0,0.0,47673.0,0.0
gen273,10339127.0,0.0,10620032.0,0.0,9083506.0,0.0,7910952.0,0.0
gen274,12570224.5,0.0,727552.0,0.0,769333.0,0.0,1280824.5,0.0
gen275,14046165.0,0.0,333568.0,0.0,513828.5,0.0,462411.5,0.0
gen276,17904476.0,0.0,25539200.0,0.0,24499877.5,0.0,26031890.0,0.0
gen277,61295219.5,0.0,21661824.0,0.0,15275121.5,0.0,4887555.0,0.0
gen278,230416655.5,0.0,76877696.0,0.0,56579527.0,0.0,33263496.0,0.0
gen279,88649.5,0.0,256.0,0.0,1234.0,0.0,1188989.0,0.0
gen280,839565.5,0.0,991616.0,0.0,1326434.5,0.0,3916895.0,0.0
gen281,8985007.5,0.0,2299264.0,0.0,658413.5,0.0,2196340.5,0.0
gen283,7215355.0,0.0,6636672.0,0.0,7092651.5,0.0,7402673.0,0.0
gen284,348768356.5,0.0,48190208.0,0.0,32511836.0,0.0,22153254.0,0.0
gen285,536737.5,0.0,1424384.0,0.0,1290198.0,0.0,4202044.5,0.0
gen286,9361835.5,0.0,256.0,0.0,6300.0,0.0,38977.0,0.0
gen287,3560377.0,0.0,256.0,0.0,6312.0,0.0,117563.0,0.0
gen288,23150342.5,0.0,7180032.0,0.0,3122676.5,0.0,4120690.5,0.0
gen289,5784772.5,0.0,256.0,0.0,1239.0,0.0,61332.5,0.0
gen291,9747088.0,0.0,6229248.0,0.0,6712475.0,0.0,10146171.5,0.0
gen292,2145939564.0,0.0,87890560.0,0.0,63020201.0,0.0,13135517.5,0.0
gen293,1028616.0,0.0,827392.0,0.0,929846.0,0.0,2516019.0,0.0
gen294,6929070.5,0.0,1154816.0,0.0,1167578.0,0.0,1388462.0,0.0
gen295,723254.0,0.0,410496.0,0.0,381256.0,0.0,1193752.5,0.0
gen296,13528233.0,0.0,2086528.0,0.0,1209063.5,0.0,1325004.0,0.0
gen297,91465117.5,0.0,25630720.0,0.0,16847181.0,0.0,11920343.0,0.0
gen298,207701215.5,0.0,45453952.0,0.0,32874593.5,0.0,22619579.0,0.0
gen299,173407.5,0.0,209920.0,0.0,289074.5,0.0,935273.0,0.0
gen300,707621.0,0.0,2546944.0,0.0,3241903.5,0.0,8525983.5,0.0
gen301,58061289.5,0.0,15106432.0,0.0,8921777.5,0.0,5113640.0,0.0
gen302,15675429.5,0.0,2387200.0,0.0,1047189.0,0.0,2532244.5,0.0
gen303,25188657.5,0.0,11488128.0,0.0,7091358.5,0.0,7450142.0,0.0
gen304,3451073.0,0.0,3133696.0,0.0,3687951.5,0.0,4886031.0,0.0
gen305,584587.0,0.0,1383296.0,0.0,1615898.0,0.0,4576788.5,0.0
gen306,9349504.0,0.0,671232.0,0.0,6266.5,0.0,61917.0,0.0
gen307,2125709.5,0.0,1054592.0,0.0,548696.0,0.0,6406177.5,0.0
gen308,25230866.5,0.0,9692160.0,0.0,3011817.0,0.0,878410.5,0.0
gen309,15403534.5,0.0,124672.0,0.0,6317.0,0.0,91989.0,0.0
gen310,6227113.5,0.0,174848.0,0.0,402052.0,0.0,736565.5,0.0
gen311,6093910.5,0.0,256.0,0.0,1206.0,0.0,34353.0,0.0
gen312,1082977.5,0.0,933248.0,0.0,1099183.0,0.0,3251148.5,0.0
gen313,40994499.5,0.0,1339648.0,0.0,4612.0,0.0,58503.5,0.0
gen314,590788365.0,0.0,95506048.0,0.0,59247141.0,0.0,33041647.0,0.0
gen315,277285605.5,0.0,2317056.0,0.0,2200725.0,0.0,2259492.0,0.0
gen316,39933613.0,0.0,8717568.0,0.0,5394993.0,0.0,6045734.0,0.0
gen317,917747.5,0.0,256.0,0.0,5465.5,0.0,59264.0,0.0
gen318,750256.0,0.0,588416.0,0.0,483159.5,0.0,2033061.5,0.0
gen319,8335169.0,0.0,3979264.0,0.0,3010142.5,0.0,5222274.0,0.0
gen320,36129805.5,0.0,20592640.0,0.0,12258053.0,0.0,13534929.5,0.0
gen321,316441542.5,0.0,35887360.0,0.0,26304343.0,0.0,18808365.5,0.0
gen322,10174017.0,0.0,3701760.0,0.0,1613895.0,0.0,2497612.5,0.0
gen323,1881567.0,0.0,1517312.0,0.0,1583272.5,0.0,2581573.5,0.0
gen324,98624149.5,0.0,26014720.0,0.0,1656261.0,0.0,1941759.5,0.0
gen325,418156902.0,0.0,86254848.0,0.0,31707402.0,0.0,23160885.0,0.0
gen326,45590206.5,0.0,7655680.0,0.0,5758647.5,0.0,2125396.0,0.0
gen327,603993.5,0.0,730624.0,0.0,593912.0,0.0,2132066.0,0.0
gen328,759694992.0,0.0,35305856.0,0.0,31279004.0,0.0,6992468.5,0.0
gen329,35321187.0,0.0,15262464.0,0.0,9007576.5,0.0,6700068.0,0.0
gen330,3190228.5,0.0,444288.0,0.0,630738.5,0.0,1131889.0,0.0
gen331,7327455.0,0.0,2352128.0,0.0,691025.5,0.0,1815273.5,0.0
gen332,90224270.5,0.0,7377408.0,0.0,4548115.0,0.0,4045842.0,0.0
gen333,1369973.0,0.0,256.0,0.0,4617.0,0.0,37525.0,0.0
gen334,570645.5,0.0,166400.0,0.0,1212.0,0.0,634110.5,0.0
gen335,3627633.0,0.0,1935488.0,0.0,1222488.5,0.0,2781388.0,0.0
gen336,423262184.5,0.0,21989376.0,0.0,16922724.5,0.0,8827889.0,0.0
gen337,2707671.0,0.0,535296.0,0.0,619290.5,0.0,1653710.0,0.0
gen338,8957986.5,0.0,1099648.0,0.0,788969.0,0.0,1540052.0,0.0
gen340,2625590.5,0.0,679680.0,0.0,420105.0,0.0,2618350.5,0.0
gen341,1955796.5,0.0,126976.0,0.0,222572.5,0.0,365938.0,0.0
gen342,255813532.0,0.0,26488832.0,0.0,12437103.5,0.0,8474935.0,0.0
gen343,6999252.0,0.0,4733056.0,0.0,4091299.0,0.0,6665298.5,0.0
gen344,1668643.0,0.0,660480.0,0.0,303609.5,0.0,478648.0,0.0
gen345,815690279.5,0.0,22399104.0,0.0,12376025.5,0.0,4675836.0,0.0
gen346,12981325.0,0.0,2241664.0,0.0,1179142.0,0.0,3745966.0,0.0
gen347,52359224.5,0.0,17349376.0,0.0,7699230.0,0.0,8544881.0,0.0
gen348,1705589.0,0.0,4181120.0,0.0,4268458.5,0.0,8295780.0,0.0
gen349,219.0,0.0,256.0,0.0,1221.5,0.0,9492.0,0.0
gen350,156659295.5,0.0,35154944.0,0.0,18563800.0,0.0,8927322.5,0.0
gen351,14968411.5,0.0,11725056.0,0.0,10638385.0,0.0,7873654.5,0.0
gen352,4989781.5,0.0,7544192.0,0.0,5745920.0,0.0,12185297.5,0.0
gen353,120663027.0,0.0,2458752.0,0.0,2097931.0,0.0,2320779.0,0.0
gen354,281082378.5,0.0,64791424.0,0.0,27671480.0,0.0,31938186.5,0.0
gen355,35895167.5,0.0,17372800.0,0.0,6961668.0,0.0,7522114.5,0.0
gen356,146477563.0,0.0,51971968.0,0.0,42956810.5,0.0,33369396.5,0.0
gen357,2844088.5,0.0,3015936.0,0.0,3069640.5,0.0,5297000.5,0.0
gen358,9811522.0,0.0,214528.0,0.0,5607.0,0.0,71840.5,0.0
gen359,7336124.0,0.0,2763648.0,0.0,2535858.0,0.0,4906776.5,0.0
gen360,137052365.5,0.0,50876800.0,0.0,36105241.0,0.0,22607467.5,0.0
gen361,56569567.0,0.0,9935104.0,0.0,7886613.0,0.0,553495.5,0.0
gen362,7076401.5,0.0,452352.0,0.0,153676.5,0.0,664496.0,0.0
gen363,76596432.0,0.0,25733888.0,0.0,18645708.5,0.0,18560088.0,0.0
gen364,45799722.5,0.0,6335232.0,0.0,6518136.0,0.0,2222507.0,0.0
gen365,59457335.0,0.0,21473408.0,0.0,17580747.0,0.0,899824.5,0.0
gen366,568995.0,0.0,137472.0,0.0,4656.5,0.0,564828.0,0.0
gen367,25940009.5,0.0,518912.0,0.0,1198.0,0.0,7591.0,0.0
gen368,26507137.0,0.0,7271680.0,0.0,5481277.5,0.0,5016807.0,0.0
gen369,83351.5,0.0,215680.0,0.0,278338.5,0.0,1282226.0,0.0
gen370,3622697.5,0.0,484608.0,0.0,5445.5,0.0,52800.0,0.0
gen371,156503431.0,0.0,24670592.0,0.0,12470147.0,0.0,8480324.0,0.0
gen373,971865.0,0.0,1062528.0,0.0,726868.0,0.0,3418487.0,0.0
gen374,1239375.5,0.0,205568.0,0.0,151379.5,0.0,1342200.5,0.0
gen375,15033888.0,0.0,13079424.0,0.0,12731096.5,0.0,13287951.5,0.0
gen376,18188876.0,0.0,1941376.0,0.0,2720401.5,0.0,3536610.5,0.0
gen378,288351.0,0.0,572416.0,0.0,449432.5,0.0,1453044.0,0.0
gen379,1962550180.0,0.0,60053632.0,0.0,25845895.5,0.0,11069225.0,0.0
gen380,256356819.5,0.0,9569024.0,0.0,1414600.5,0.0,2901646.0,0.0
gen381,66776469.0,0.0,25458688.0,0.0,19855072.0,0.0,5347929.5,0.0
gen382,152044697.5,0.0,998400.0,0.0,1278.5,0.0,531686.5,0.0
gen383,56107662.5,0.0,11587712.0,0.0,8730991.5,0.0,7877386.0,0.0
gen384,19896651.5,0.0,1349888.0,0.0,1501699.5,0.0,1440234.5,0.0
gen385,223896863.5,0.0,46301184.0,0.0,6470226.5,0.0,13128866.5,0.0
gen386,736706.0,0.0,294656.0,0.0,236469.0,0.0,837730.0,0.0
gen387,167642.0,0.0,328448.0,0.0,278462.5,0.0,1726699.5,0.0
gen388,2216925.0,0.0,4481024.0,0.0,4075467.0,0.0,8494445.0,0.0
gen389,1737697.0,0.0,5203072.0,0.0,5971836.0,0.0,11996115.0,0.0
gen390,123901.0,0.0,230656.0,0.0,278397.5,0.0,1875776.5,0.0
gen391,19723219.0,0.0,2782080.0,0.0,720054.0,0.0,933831.0,0.0
gen392,55667134.5,0.0,19090560.0,0.0,12377435.0,0.0,3713154.0,0.0
gen393,29145837.5,0.0,8462976.0,0.0,6930826.0,0.0,8432069.0,0.0
gen394,9457744.0,0.0,3045632.0,0.0,2038519.5,0.0,3753607.5,0.0
gen395,1062748.5,0.0,843520.0,0.0,690358.0,0.0,2463050.5,0.0
gen396,116002104.0,0.0,23853696.0,0.0,18355955.0,0.0,11994140.5,0.0
gen397,847723.0,0.0,136704.0,0.0,161875.5,0.0,690471.5,0.0
gen398,19380270.5,0.0,7402752.0,0.0,1844645.5,0.0,5318338.5,0.0
gen399,86506171.0,0.0,26019712.0,0.0,23113232.0,0.0,12294354.5,0.0
gen400,285986.5,0.0,458880.0,0.0,399394.5,0.0,1562539.5,0.0
gen401,363765596.0,0.0,22566016.0,0.0,15547692.5,0.0,8974348.5,0.0
gen402,146175361.0,0.0,19787264.0,0.0,16676335.0,0.0,5597111.5,0.0
gen404,5963992.5,0.0,950400.0,0.0,975233.0,0.0,479044.0,0.0
gen405,25599888.0,0.0,4222976.0,0.0,1233235.5,0.0,1019137.0,0.0
gen406,69098230.0,0.0,9815680.0,0.0,7518680.0,0.0,6760281.5,0.0
gen407,2292731.5,0.0,729472.0,0.0,655924.5,0.0,2031159.0,0.0
gen408,102208843.0,0.0,35320960.0,0.0,22031478.5,0.0,16782199.5,0.0
gen409,130189585.5,0.0,25583232.0,0.0,12267546.5,0.0,11755616.5,0.0
gen411,2469476.5,0.0,4139392.0,0.0,4811270.0,0.0,7624651.5,0.0
gen412,79698673.0,0.0,34982016.0,0.0,21151584.0,0.0,7407726.5,0.0
gen413,14838479.0,0.0,6383232.0,0.0,4438954.5,0.0,5037961.5,0.0
gen414,11165690.5,0.0,2278784.0,0.0,1754723.0,0.0,2403990.5,0.0
gen415,11477589.0,0.0,1625472.0,0.0,551480.5,0.0,371068.5,0.0
gen416,45333158.5,0.0,12169088.0,0.0,7080477.0,0.0,5140191.5,0.0
gen417,25677863.5,0.0,15461120.0,0.0,12156232.0,0.0,12592616.5,0.0
gen418,4883342.5,0.0,928000.0,0.0,965071.0,0.0,1546256.5,0.0
gen419,39051621.0,0.0,9435136.0,0.0,6108781.5,0.0,6385308.0,0.0
gen420,30326681.5,0.0,8152448.0,0.0,4936701.0,0.0,5930050.0,0.0
gen421,253687.5,0.0,489344.0,0.0,502521.0,0.0,1367295.5,0.0
gen422,26149754.0,0.0,2172672.0,0.0,1982805.0,0.0,1194698.0,0.0
gen423,50940706.0,0.0,15004928.0,0.0,11899856.5,0.0,8204876.5,0.0
gen425,439703342.5,0.0,41752064.0,0.0,23564635.0,0.0,21506075.0,0.0
gen426,87446158.0,0.0,32968320.0,0.0,9779000.0,0.0,11540983.5,0.0
gen427,173674140.5,0.0,44151040.0,0.0,20878283.5,0.0,10854752.5,0.0
gen428,1243641.5,0.0,256.0,0.0,5444.5,0.0,48654.5,0.0
gen429,1840629.0,0.0,835968.0,0.0,286436.5,0.0,1624762.0,0.0
gen430,688227.0,0.0,669056.0,0.0,455028.5,0.0,2267625.5,0.0
gen431,55310224.5,0.0,24780160.0,0.0,15916600.0,0.0,12045194.0,0.0
gen432,1443929.0,0.0,4259456.0,0.0,4236991.5,0.0,6940312.5,0.0
gen433,14751862.0,0.0,132864.0,0.0,266128.0,0.0,760758.5,0.0
gen435,16317188.0,0.0,4956800.0,0.0,2674959.5,0.0,4859528.5,0.0
gen436,7901837.5,0.0,2286720.0,0.0,224430.0,0.0,1895435.5,0.0
gen437,191809689.5,0.0,63749888.0,0.0,35360474.5,0.0,41979649.0,0.0
gen438,494564.5,0.0,1396096.0,0.0,1808442.5,0.0,5208575.0,0.0
gen439,15139703.0,0.0,100224.0,0.0,5447.5,0.0,75306.5,0.0
gen440,7618498.0,0.0,3891840.0,0.0,2481145.5,0.0,2724044.0,0.0
gen441,35453882.5,0.0,11074944.0,0.0,3335005.0,0.0,2814171.5,0.0
gen442,1891319.5,0.0,420864.0,0.0,4632.5,0.0,64406.5,0.0
gen443,9885963.0,0.0,2886912.0,0.0,919831.0,0.0,1834308.5,0.0
gen444,221089803.5,0.0,51138048.0,0.0,8071258.5,0.0,19944930.0,0.0
gen445,86024281.0,0.0,17672960.0,0.0,9308492.5,0.0,6797307.0,0.0
gen446,1949914.0,0.0,1550336.0,0.0,1607995.0,0.0,2838732.5,0.0
gen447,19405527.5,0.0,12878720.0,0.0,10035080.5,0.0,8578405.5,0.0
gen448,1157003512.5,0.0,245262208.0,0.0,184502663.0,0.0,31436064.0,0.0
gen449,21264746.0,0.0,15509376.0,0.0,14161907.0,0.0,12049363.5,0.0
gen450,340984.5,0.0,268032.0,0.0,330984.0,0.0,1223936.0,0.0
gen451,99298358.5,0.0,36564736.0,0.0,15050983.0,0.0,12254580.5,0.0
gen453,1650277.5,0.0,2751232.0,0.0,2654424.0,0.0,4137450.0,0.0
gen454,5466424.5,0.0,562176.0,0.0,626141.5,0.0,1446346.0,0.0
gen455,412629.5,0.0,652544.0,0.0,550818.5,0.0,2807567.5,0.0
gen456,907544.0,0.0,216576.0,0.0,4654.0,0.0,511522.0,0.0
gen457,29188381.0,0.0,12535040.0,0.0,8341206.0,0.0,8782650.0,0.0
gen458,55723193.0,0.0,18335360.0,0.0,6211246.5,0.0,4233488.0,0.0
gen459,117643701.0,0.0,15657856.0,0.0,7614634.5,0.0,6623148.0,0.0
gen460,906516.0,0.0,132864.0,0.0,223776.0,0.0,733414.5,0.0
gen461,456650816.0,0.0,35458944.0,0.0,27837974.5,0.0,12365887.0,0.0
gen462,1867820.0,0.0,1369472.0,0.0,824996.5,0.0,3887502.0,0.0
gen463,781787.0,0.0,231808.0,0.0,164904.5,0.0,1412429.5,0.0
gen464,11343389.5,0.0,4546944.0,0.0,4982384.5,0.0,6244059.5,0.0
gen465,140898627.5,0.0,17535616.0,0.0,11867063.5,0.0,11171093.0,0.0
gen466,166076753.0,0.0,47657088.0,0.0,34187040.5,0.0,19529407.5,0.0
gen467,314941997.5,0.0,97752704.0,0.0,62785074.0,0.0,37665710.0,0.0
gen469,55462379.0,0.0,20645632.0,0.0,12468503.5,0.0,9816462.5,0.0
gen470,2015739.0,0.0,881024.0,0.0,515654.0,0.0,933821.5,0.0
gen471,9127052.0,0.0,3010560.0,0.0,958126.5,0.0,2136279.0,0.0
gen472,14192025.0,0.0,725376.0,0.0,1258.0,0.0,928825.0,0.0
gen473,819308.0,0.0,2099072.0,0.0,2498724.5,0.0,5167281.5,0.0
gen474,5250023.5,0.0,4910976.0,0.0,5311961.5,0.0,6189773.5,0.0
gen476,121810.0,0.0,349568.0,0.0,282182.0,0.0,1997000.5,0.0
gen477,397717516.0,0.0,19650432.0,0.0,18088060.5,0.0,13870561.5,0.0
gen478,803926.0,0.0,216576.0,0.0,1187.0,0.0,4419.0,0.0
gen479,1620546649.0,0.0,123834368.0,0.0,92118366.5,0.0,26121687.5,0.0
gen480,77893622.5,0.0,21253760.0,0.0,15316643.0,0.0,11850724.0,0.0
gen481,685162.5,0.0,955904.0,0.0,1137303.0,0.0,4569642.0,0.0
gen482,36139865.5,0.0,852480.0,0.0,5472.5,0.0,565502.0,0.0
gen483,25387445.5,0.0,18757760.0,0.0,14785387.0,0.0,16237191.5,0.0
gen484,6854879.0,0.0,1448704.0,0.0,4633.0,0.0,547530.0,0.0
gen485,244.5,0.0,256.0,0.0,1326.5,0.0,17362.5,0.0
gen486,315012.0,0.0,430848.0,0.0,481876.5,0.0,2042447.5,0.0
gen487,12835277905.5,0.0,2468736.0,0.0,1304.0,0.0,1013803.5,0.0
gen488,106233064.5,0.0,35579264.0,0.0,22142873.5,0.0,18154821.0,0.0
gen489,1986236.5,0.0,45312.0,0.0,6317.0,0.0,74048.0,0.0
gen490,85747946.0,0.0,29695616.0,0.0,22786667.5,0.0,15795823.0,0.0
gen491,15447699.0,0.0,3863936.0,0.0,2912048.5,0.0,4436201.0,0.0
gen492,7639053.5,0.0,459776.0,0.0,538574.0,0.0,452115.5,0.0
gen493,184730628.5,0.0,16096000.0,0.0,10666166.5,0.0,11169601.0,0.0
gen494,75603258.5,0.0,26426496.0,0.0,21206942.5,0.0,12240816.0,0.0
gen495,8479409.0,0.0,4015872.0,0.0,3160268.0,0.0,6831482.5,0.0
gen496,3341579.0,0.0,320256.0,0.0,584354.5,0.0,457216.0,0.0
gen497,4488238.0,0.0,951296.0,0.0,371455.5,0.0,478771.5,0.0
gen498,570388692.0,0.0,167618944.0,0.0,97476859.5,0.0,23118906.5,0.0
gen499,3314926.5,0.0,1939200.0,0.0,1075418.5,0.0,4298474.0,0.0
gen500,14125110.0,0.0,3753984.0,0.0,1904410.5,0.0,2155969.5,0.0
gen501,55359206.5,0.0,1926016.0,0.0,5456.0,0.0,119520.5,0.0
gen502,81814.0,0.0,232704.0,0.0,277221.5,0.0,1517030.5,0.0
gen503,280427202.0,0.0,55962240.0,0.0,39168063.5,0.0,21166433.0,0.0
gen504,25123678.0,0.0,4762240.0,0.0,2921100.0,0.0,4235716.5,0.0
gen505,6391346.0,0.0,1069312.0,0.0,848024.0,0.0,426925.0,0.0
gen506,64846691.0,0.0,26148480.0,0.0,13484385.5,0.0,12440981.5,0.0
gen507,25354090.5,0.0,9696640.0,0.0,11560754.0,0.0,8318425.5,0.0
gen509,10806053.0,0.0,1418496.0,0.0,1593018.0,0.0,2038007.0,0.0
gen510,61484271.5,0.0,19983488.0,0.0,10974612.5,0.0,10285617.0,0.0
gen511,9664749.5,0.0,2371712.0,0.0,2081962.5,0.0,3568687.5,0.0
gen512,84477.0,0.0,221568.0,0.0,274819.0,0.0,1589782.5,0.0
gen513,16199177.0,0.0,9319168.0,0.0,4102209.0,0.0,6983198.0,0.0
gen514,32426382.0,0.0,4313088.0,0.0,1863892.0,0.0,4436510.0,0.0
gen515,3695646.0,0.0,3138816.0,0.0,3291643.0,0.0,5838527.5,0.0
gen516,327262316.5,0.0,27085696.0,0.0,22350361.0,0.0,12386737.0,0.0
gen519,35286372.5,0.0,9387904.0,0.0,8015542.5,0.0,2271085.0,0.0
gen520,196281360.5,0.0,56198656.0,0.0,9415826.5,0.0,6431929.0,0.0
gen521,1014738.0,0.0,663680.0,0.0,277617.0,0.0,1647976.0,0.0
gen522,328252000.5,0.0,45254400.0,0.0,21647255.0,0.0,15784656.5,0.0
gen523,4227723.5,0.0,182528.0,0.0,227666.5,0.0,1006815.5,0.0
gen524,631332788.0,0.0,75115520.0,0.0,47162215.0,0.0,25806651.5,0.0
gen525,35058054.0,0.0,10951552.0,0.0,4385278.0,0.0,4696485.0,0.0
gen526,20102306.0,0.0,4659072.0,0.0,2205849.5,0.0,1673733.5,0.0
gen527,76723372.5,0.0,25823360.0,0.0,5564351.5,0.0,4726814.0,0.0
gen528,1063736.5,0.0,259456.0,0.0,416420.5,0.0,531105.0,0.0
gen529,168343.5,0.0,368128.0,0.0,286989.0,0.0,1061184.0,0.0
gen530,4706888.0,0.0,5206272.0,0.0,4918866.5,0.0,6720033.5,0.0
gen531,4562586.5,0.0,4067840.0,0.0,5350662.0,0.0,7104291.0,0.0
gen532,1510044.0,0.0,1797248.0,0.0,1787108.0,0.0,4308436.5,0.0
gen533,126902027.0,0.0,35919360.0,0.0,23247842.0,0.0,9632993.0,0.0
gen534,35554193.5,0.0,13484416.0,0.0,4069392.5,0.0,4665194.0,0.0
gen535,13274534.5,0.0,2344192.0,0.0,2159949.0,0.0,1246697.0,0.0
gen536,24576841.0,0.0,4802816.0,0.0,3170784.5,0.0,3891482.5,0.0
gen537,315061.5,0.0,852096.0,0.0,1036213.0,0.0,3444902.5,0.0
gen538,2992303.0,0.0,3183360.0,0.0,3588118.5,0.0,6065357.5,0.0
gen539,130621.0,0.0,352768.0,0.0,586080.0,0.0,1740130.5,0.0
gen540,9398824.0,0.0,389760.0,0.0,743623.5,0.0,1916727.5,0.0
gen541,405036.5,0.0,971264.0,0.0,1273376.5,0.0,3329221.5,0.0
gen543,44623455.0,0.0,1597696.0,0.0,1234.0,0.0,647806.5,0.0
gen545,1631622846.5,0.0,44986752.0,0.0,22001890.0,0.0,9450845.0,0.0
gen546,6553966.0,0.0,15457408.0,0.0,12901972.5,0.0,15770472.5,0.0
gen547,25084684.5,0.0,1565568.0,0.0,5467.0,0.0,62574.0,0.0
gen548,965554.5,0.0,874752.0,0.0,649660.5,0.0,4360718.0,0.0
gen549,9015559.0,0.0,5994496.0,0.0,5717795.5,0.0,6929304.0,0.0
gen550,24313099.0,0.0,3292416.0,0.0,2358539.5,0.0,2979883.0,0.0
gen551,312742923.5,0.0,96520704.0,0.0,55242951.0,0.0,24904631.5,0.0
gen552,1240239.5,0.0,2242304.0,0.0,841399.5,0.0,5042425.5,0.0
gen553,25558831.0,0.0,5069312.0,0.0,3797567.0,0.0,5023788.5,0.0
gen554,3901860.5,0.0,723456.0,0.0,5491.5,0.0,31330.5,0.0
gen555,274243841.0,0.0,55811328.0,0.0,32212032.5,0.0,23082652.5,0.0
gen556,4423678.5,0.0,3490944.0,0.0,1934671.5,0.0,4793558.5,0.0
gen557,22143998.0,0.0,1449088.0,0.0,199604.0,0.0,74835.5,0.0
gen559,3103122.0,0.0,365824.0,0.0,283451.5,0.0,2305060.5,0.0
gen560,542696.5,0.0,289920.0,0.0,285245.0,0.0,1307640.0,0.0
gen561,22730474.0,0.0,4270080.0,0.0,2020401.0,0.0,1742508.0,0.0
gen562,45288720.5,0.0,15524096.0,0.0,7120341.5,0.0,4954638.5,0.0
gen563,818964.0,0.0,367232.0,0.0,348403.5,0.0,1163998.5,0.0
gen564,289725.5,0.0,732032.0,0.0,840861.5,0.0,2593897.0,0.0
gen565,83340.0,0.0,204800.0,0.0,278432.0,0.0,873486.5,0.0
gen566,2606679.0,0.0,2197632.0,0.0,2325366.0,0.0,4259948.5,0.0
gen568,82488.5,0.0,256.0,0.0,1220.5,0.0,1185674.5,0.0
gen569,36147223.0,0.0,4044288.0,0.0,3387353.0,0.0,1267130.5,0.0
gen570,164428.0,0.0,470016.0,0.0,531836.5,0.0,1874332.0,0.0
gen573,1215820.0,0.0,256.0,0.0,4695.0,0.0,59297.5,0.0
gen574,36139422.5,0.0,16241152.0,0.0,12811355.0,0.0,10120909.0,0.0
gen576,165865.5,0.0,243712.0,0.0,1286.0,0.0,1183788.0,0.0
gen577,86019657.5,0.0,35478144.0,0.0,22224630.5,0.0,19829848.5,0.0
gen578,30711277.5,0.0,25550848.0,0.0,22704098.0,0.0,15884217.5,0.0
gen579,14655590.5,0.0,1412608.0,0.0,2065861.0,0.0,4565237.5,0.0
gen580,22436122.0,0.0,670080.0,0.0,570384.0,0.0,1404811.5,0.0
gen581,392275.0,0.0,468992.0,0.0,460197.5,0.0,885073.5,0.0
gen582,1245397.5,0.0,668416.0,0.0,313186.0,0.0,1538869.0,0.0
gen583,451417516.0,0.0,77973504.0,0.0,42708888.0,0.0,33721839.5,0.0
gen584,3950462.5,0.0,407040.0,0.0,6277.5,0.0,62129.5,0.0
gen585,164290.5,0.0,429312.0,0.0,552877.0,0.0,1532388.0,0.0
gen586,149492.5,0.0,256.0,0.0,5224.5,0.0,36618.0,0.0
gen588,45780434.5,0.0,10902528.0,0.0,7453759.0,0.0,3710290.5,0.0
gen589,4426847.0,0.0,558208.0,0.0,4683.0,0.0,35246.0,0.0
gen590,10554687.0,0.0,9008384.0,0.0,8272192.5,0.0,6697910.5,0.0
gen591,862374.5,0.0,2125056.0,0.0,1974318.0,0.0,6307755.0,0.0
gen592,4350725.0,0.0,255744.0,0.0,353096.0,0.0,1058076.0,0.0
gen593,52294500.5,0.0,8860544.0,0.0,7377902.0,0.0,2683505.0,0.0
gen594,228210092.5,0.0,91476224.0,0.0,58631008.0,0.0,52260046.0,0.0
gen595,5892355.0,0.0,10461824.0,0.0,11737015.5,0.0,11147231.5,0.0
gen596,1062321837.5,0.0,177528576.0,0.0,106776038.5,0.0,17659749.0,0.0
gen597,13072914.0,0.0,1982208.0,0.0,1417799.0,0.0,1282082.5,0.0
gen598,549369528.0,0.0,43909504.0,0.0,32251400.5,0.0,20273799.0,0.0
gen599,19618671.0,0.0,4786816.0,0.0,2660705.5,0.0,3873393.5,0.0
gen600,13283233.5,0.0,3072256.0,0.0,3643107.0,0.0,4275862.0,0.0
gen601,4648050.5,0.0,1031296.0,0.0,1301424.0,0.0,2909372.0,0.0
gen602,41917513.5,0.0,6737280.0,0.0,1654464.0,0.0,641162.0,0.0
gen603,124290.5,0.0,254208.0,0.0,304992.0,0.0,1864635.5,0.0
gen604,35138041.0,0.0,3590400.0,0.0,370676.5,0.0,471287.0,0.0
gen605,28584442.5,0.0,15976576.0,0.0,8568416.5,0.0,11308870.5,0.0
gen606,8399593.0,0.0,3761664.0,0.0,2203625.5,0.0,4734801.0,0.0
gen607,2504175.0,0.0,615936.0,0.0,4646.5,0.0,57513.5,0.0
gen608,1053351.0,0.0,1141120.0,0.0,1378333.5,0.0,2347246.0,0.0
gen609,1701461.5,0.0,509696.0,0.0,4621.0,0.0,501616.5,0.0
gen610,166445453.0,0.0,37986944.0,0.0,16769611.0,0.0,8521984.5,0.0
gen611,15316593.5,0.0,2905216.0,0.0,2916286.0,0.0,2759205.5,0.0
gen612,152690193.0,0.0,29889536.0,0.0,29695756.5,0.0,17387097.5,0.0
gen613,1655412.5,0.0,91648.0,0.0,1217.5,0.0,12574.5,0.0
gen615,1427796.0,0.0,1398272.0,0.0,1125303.0,0.0,2510896.0,0.0
gen616,8841880.0,0.0,928640.0,0.0,618339.0,0.0,84520.0,0.0
gen617,1080642.0,0.0,1027200.0,0.0,812545.5,0.0,3658400.5,0.0
gen618,19969711.0,0.0,5905536.0,0.0,1544268.0,0.0,1958356.0,0.0
gen619,227084366.0,0.0,45249792.0,0.0,14199044.0,0.0,7076553.5,0.0
gen620,5955943.0,0.0,5559552.0,0.0,5798084.0,0.0,7429267.5,0.0
gen621,27585890.5,0.0,11310848.0,0.0,4806292.5,0.0,5030944.0,0.0
gen622,847840.5,0.0,46592.0,0.0,1222.0,0.0,56737.0,0.0
gen623,15921640.5,0.0,877824.0,0.0,852605.0,0.0,1245879.0,0.0
gen624,546567.0,0.0,429824.0,0.0,495893.0,0.0,1610187.5,0.0
gen625,8756232.0,0.0,5467136.0,0.0,3474176.0,0.0,5266987.0,0.0
gen626,25637196.5,0.0,6283008.0,0.0,3561489.5,0.0,4500800.0,0.0
gen627,366348438.0,0.0,26469376.0,0.0,23100883.0,0.0,6577238.5,0.0
gen628,36174303.0,0.0,1862272.0,0.0,1777431.0,0.0,2500295.5,0.0
gen629,85076106.0,0.0,36216704.0,0.0,12288237.0,0.0,12780029.0,0.0
gen630,44334171.5,0.0,34878464.0,0.0,29825746.0,0.0,24631942.0,0.0
gen632,454212.5,0.0,493824.0,0.0,494731.0,0.0,2709133.5,0.0
gen633,190267.0,0.0,288256.0,0.0,267167.5,0.0,1137189.5,0.0
gen634,327706425.0,0.0,80116096.0,0.0,29609688.0,0.0,12826510.0,0.0
gen_109_37,27660579.0,0.0,82176.0,0.0,5695.0,0.0,89085.0,0.0
gen_12_30,14371090.0,0.0,44544.0,0.0,5982.0,0.0,101433.0,0.0
gen_1115_34,2429234.5,0.0,256.0,0.0,5531.5,0.0,636335.0,0.0
gen_100_20,39008757.0,0.0,44544.0,0.0,6236.0,0.0,80425.5,0.0
gen_102_38,6588300.0,0.0,291840.0,0.0,5469.5,0.0,582280.5,0.0
gen_112_30,5950714.5,0.0,208384.0,0.0,5480.0,0.0,522930.5,0.0
gen_102_8,683316.0,0.0,256.0,0.0,4677.5,0.0,643503.0,0.0
gen_108_39,7337255.0,0.0,250112.0,0.0,5452.5,0.0,575499.0,0.0
gen_107_35,14636506.0,0.0,83712.0,0.0,4996.5,0.0,91488.5,0.0
gen_0_31,3682911.0,0.0,256.0,0.0,5469.5,0.0,88088.5,0.0
gen_100_32,19706859.0,0.0,1596288.0,0.0,1529835.5,0.0,500994.0,0.0
gen_105_37,8585049.0,0.0,132352.0,0.0,5869.5,0.0,68006.5,0.0
gen_101_32,22283204.5,0.0,47616.0,0.0,1253.5,0.0,104759.5,0.0
gen_102_37,42314.0,0.0,256.0,0.0,1282.5,0.0,698549.5,0.0
gen_108_38,623713.5,0.0,1737984.0,0.0,1412894.5,0.0,3825558.5,0.0
gen_106_39,123808.0,0.0,328448.0,0.0,448541.5,0.0,1239809.5,0.0
gen_111_29,85613.5,0.0,220928.0,0.0,280786.0,0.0,1184992.5,0.0
gen_113_39,84437.0,0.0,239872.0,0.0,282871.0,0.0,1692494.5,0.0
gen_1115_36,242172.0,0.0,534144.0,0.0,631114.5,0.0,1448552.0,0.0
gen_110_37,242909.0,0.0,387328.0,0.0,281587.0,0.0,1493924.5,0.0
gen_0_23,82837.5,0.0,203008.0,0.0,282520.5,0.0,890531.5,0.0
gen_101_36,124572.5,0.0,328448.0,0.0,279526.5,0.0,1035034.0,0.0
gen_109_31,126194.5,0.0,250624.0,0.0,280290.0,0.0,956961.5,0.0
gen_2_34,82388.5,0.0,216320.0,0.0,282191.5,0.0,1151714.5,0.0
gen_100_34,6795911.0,0.0,324864.0,0.0,315849.0,0.0,1150001.0,0.0
gen_113_30,707789.5,0.0,960384.0,0.0,1187249.0,0.0,2964242.0,0.0
gen_5_39,406817.5,0.0,1052928.0,0.0,929009.5,0.0,3335930.0,0.0
gen_112_35,412767.5,0.0,1169792.0,0.0,1423435.0,0.0,4517111.5,0.0
gen_4_39,124143.5,0.0,323328.0,0.0,395888.0,0.0,1230207.0,0.0
gen_3_20,45747.0,0.0,256.0,0.0,1238.0,0.0,645860.0,0.0
gen_4_37,162173.5,0.0,417152.0,0.0,549586.5,0.0,1542102.0,0.0
gen_12_34,122815.5,0.0,628864.0,0.0,846338.5,0.0,2822827.5,0.0
gen_7_18,365411.0,0.0,1153152.0,0.0,1404343.5,0.0,4642470.0,0.0
gen_112_38,329689.0,0.0,936960.0,0.0,1254125.0,0.0,4178907.0,0.0
gen_106_37,287732.5,0.0,690176.0,0.0,822842.0,0.0,4121615.5,0.0
gen_101_35,127106.5,0.0,273920.0,0.0,282988.0,0.0,1757361.0,0.0
gen_107_32,166374.0,0.0,371200.0,0.0,277677.0,0.0,1168507.0,0.0
gen_104_34,7710415.0,0.0,125696.0,0.0,5256.0,0.0,62186.0,0.0
gen_114_36,3177766.0,0.0,256.0,0.0,1218.0,0.0,63000.5,0.0
gen_0_57,14896126.5,0.0,256.0,0.0,6392.5,0.0,101643.5,0.0
gen_105_36,2656707.0,0.0,256.0,0.0,1212.5,0.0,85417.5,0.0
gen_4_32,12929023.0,0.0,256.0,0.0,1239.5,0.0,91491.5,0.0
gen_0_37,16793401.0,0.0,256.0,0.0,5258.5,0.0,86753.5,0.0
gen_108_30,4122313.0,0.0,256.0,0.0,6265.0,0.0,86927.5,0.0
gen_4_33,14676891.0,0.0,241408.0,0.0,5478.0,0.0,87123.5,0.0
gen_110_38,11233580.5,0.0,256.0,0.0,1283.0,0.0,88202.0,0.0
gen_12_27,28704920.0,0.0,256.0,0.0,5866.0,0.0,102493.0,0.0
gen_10_30,8874246.5,0.0,256.0,0.0,4653.0,0.0,172277.0,0.0
gen_105_29,1958702.0,0.0,256.0,0.0,6368.5,0.0,91080.5,0.0
gen_109_38,1511602.0,0.0,256.0,0.0,5474.0,0.0,73982.5,0.0
gen_8_35,8237472.0,0.0,256.0,0.0,8034.0,0.0,100807.5,0.0
gen_2_33,5804481.0,0.0,256.0,0.0,5528.0,0.0,77011.5,0.0
gen_102_35,1569396.0,0.0,256.0,0.0,5695.5,0.0,91056.0,0.0
gen_106_29,7261379.0,0.0,256.0,0.0,6321.0,0.0,88882.5,0.0
gen_10_27,7908285.5,0.0,256.0,0.0,6316.0,0.0,89790.5,0.0
gen_7_33,7284987.0,0.0,256.0,0.0,6300.0,0.0,47874.0,0.0
gen_104_38,20027406.5,0.0,256.0,0.0,5531.0,0.0,92113.0,0.0
gen_1_34,1409904.5,0.0,256.0,0.0,5910.0,0.0,92737.5,0.0
gen_110_33,9211310.5,0.0,43776.0,0.0,6334.5,0.0,74105.0,0.0
gen_107_25,2447149.5,0.0,256.0,0.0,5893.5,0.0,89009.5,0.0
gen_114_32,1209314.0,0.0,256.0,0.0,7937.0,0.0,84076.0,0.0
gen_101_37,2512202.0,0.0,256.0,0.0,6370.0,0.0,63884.0,0.0
gen_0_35,2510802.5,0.0,256.0,0.0,5526.5,0.0,76200.5,0.0
gen_113_29,2104337.0,0.0,256.0,0.0,7984.0,0.0,94532.5,0.0
gen_103_35,1077337.0,0.0,101120.0,0.0,6279.5,0.0,36198.0,0.0
gen_11_13,1234917.5,0.0,256.0,0.0,5467.0,0.0,72664.5,0.0
gen_109_21,1003523.0,0.0,256.0,0.0,7933.0,0.0,94120.0,0.0
gen_3_35,8558974.5,0.0,256.0,0.0,7922.5,0.0,86864.0,0.0
gen_8_28,6377744.5,0.0,85376.0,0.0,4648.5,0.0,62287.5,0.0
gen_101_33,5645120.0,0.0,107392.0,0.0,5492.5,0.0,61412.5,0.0
gen_3_36,596196.0,0.0,256.0,0.0,5435.0,0.0,75766.0,0.0
gen_100_33,44897818.5,0.0,256.0,0.0,5534.0,0.0,148351.5,0.0
gen_5_34,4150339.5,0.0,256.0,0.0,1222.0,0.0,67134.5,0.0
gen_111_37,723256.5,0.0,256.0,0.0,4688.0,0.0,56939.0,0.0
gen_5_37,6645791.5,0.0,256.0,0.0,5558.0,0.0,88999.0,0.0
gen_4_34,17535341.0,0.0,612992.0,0.0,869883.5,0.0,1000887.5,0.0
gen_111_20,24849722.0,0.0,256.0,0.0,6324.0,0.0,64067.0,0.0
gen_10_19,2173811.5,0.0,256.0,0.0,6394.0,0.0,46848.0,0.0
gen_0_29,62754086.0,0.0,256.0,0.0,6105.5,0.0,76446.5,0.0
gen_5_30,4305011.0,0.0,82944.0,0.0,6296.0,0.0,74660.0,0.0
gen_109_32,16763687.5,0.0,543872.0,0.0,779836.0,0.0,466830.5,0.0
gen_101_40,15133404.0,0.0,166400.0,0.0,4644.0,0.0,57770.5,0.0
gen_103_19,32328234.0,0.0,204800.0,0.0,4742.5,0.0,64607.0,0.0
gen_102_30,29722167.5,0.0,642176.0,0.0,1278.0,0.0,550364.5,0.0
gen_113_38,21641275.5,0.0,201472.0,0.0,5270.5,0.0,808665.0,0.0
gen_103_28,8140432.5,0.0,391168.0,0.0,4665.0,0.0,545403.5,0.0
gen_0_53,49343048.5,0.0,292480.0,0.0,5423.5,0.0,554269.0,0.0
gen_108_37,1803459.5,0.0,43776.0,0.0,5535.0,0.0,77860.5,0.0
gen_109_35,6147833.0,0.0,243968.0,0.0,5441.0,0.0,492497.0,0.0
gen_105_38,1603240.0,0.0,125440.0,0.0,265787.5,0.0,400928.5,0.0
gen_110_10,7866337.5,0.0,552192.0,0.0,5061.0,0.0,69724.0,0.0
gen_108_27,34779660.0,0.0,256.0,0.0,6882.0,0.0,87324.0,0.0
gen_3_32,14258645.0,0.0,332032.0,0.0,6299.5,0.0,73656.5,0.0
gen_106_23,15668137.0,0.0,672000.0,0.0,5471.5,0.0,487024.5,0.0
gen_8_31,5243319.0,0.0,164864.0,0.0,5630.0,0.0,100451.5,0.0
gen_107_24,50542876.0,0.0,468480.0,0.0,4737.5,0.0,522275.5,0.0
gen_2_36,14563226.5,0.0,216576.0,0.0,6270.0,0.0,526560.0,0.0
gen_114_38,816633.5,0.0,256.0,0.0,5504.0,0.0,64471.5,0.0
gen_104_35,6529780.0,0.0,256.0,0.0,1228.5,0.0,731048.0,0.0
gen_110_28,2242951.5,0.0,256.0,0.0,6045.0,0.0,86914.5,0.0
gen_111_30,5977397.0,0.0,256.0,0.0,1218.0,0.0,743412.0,0.0
gen_1_36,14880371.5,0.0,169984.0,0.0,5428.0,0.0,75331.5,0.0
gen_106_28,35781548.0,0.0,256.0,0.0,1243.5,0.0,732207.5,0.0
gen_101_29,12369533.5,0.0,256.0,0.0,1233.5,0.0,546842.0,0.0
gen_3_39,9958905.5,0.0,125440.0,0.0,454658.5,0.0,400641.0,0.0
gen_1_38,30513164.0,0.0,538112.0,0.0,5471.5,0.0,972523.5,0.0
gen_113_36,2640462.5,0.0,240384.0,0.0,394266.0,0.0,499276.0,0.0
gen_100_22,44689361.5,0.0,82944.0,0.0,6326.5,0.0,90080.0,0.0
gen_9_35,4372803.0,0.0,125440.0,0.0,448544.0,0.0,407145.0,0.0
gen_1_37,1756287.0,0.0,256.0,0.0,1200.5,0.0,51268.0,0.0
gen_7_32,5349126.5,0.0,256.0,0.0,5482.5,0.0,59477.5,0.0
gen_106_38,9587285.5,0.0,164352.0,0.0,6266.5,0.0,70629.0,0.0
gen_12_35,6743577.5,0.0,256.0,0.0,1241.5,0.0,74981.0,0.0
gen_10_32,5176740.5,0.0,256.0,0.0,5596.0,0.0,610715.0,0.0
gen_1115_25,7565435.0,0.0,122624.0,0.0,5427.5,0.0,88081.0,0.0
gen_109_26,3072558.5,0.0,46848.0,0.0,6326.5,0.0,63610.5,0.0
gen_109_36,1306753.0,0.0,216064.0,0.0,4572.5,0.0,476265.5,0.0
gen_111_36,1244529.0,0.0,256.0,0.0,5446.0,0.0,70900.5,0.0
gen_1_32,1179996.0,0.0,84480.0,0.0,6096.0,0.0,73379.0,0.0
gen_108_25,5176631.0,0.0,188032.0,0.0,1262.5,0.0,51691.5,0.0
gen_8_18,3511777.5,0.0,128768.0,0.0,4665.5,0.0,45941.0,0.0
gen_5_38,17554224.0,0.0,256.0,0.0,9236.0,0.0,144699.0,0.0
gen_4_36,2312138.5,0.0,256.0,0.0,5589.5,0.0,71089.0,0.0
gen_2_9,3115682.0,0.0,256.0,0.0,1201.5,0.0,587003.5,0.0
gen_107_37,19761220.0,0.0,82176.0,0.0,5508.0,0.0,75513.5,0.0
gen_3_30,9434456.0,0.0,413696.0,0.0,1258.0,0.0,468343.5,0.0
gen_113_35,3623541.5,0.0,256.0,0.0,6258.0,0.0,76134.0,0.0
gen_8_24,3681952.0,0.0,256.0,0.0,6291.0,0.0,50916.0,0.0
gen_113_5,5501680.0,0.0,124672.0,0.0,1235.0,0.0,49416.0,0.0
gen_105_31,6866498.5,0.0,256.0,0.0,7960.0,0.0,66424.0,0.0
gen_4_31,705512.0,0.0,256.0,0.0,5486.5,0.0,62959.5,0.0
gen_112_34,695392.5,0.0,256.0,0.0,5855.5,0.0,61857.0,0.0
gen_3_34,11439762.0,0.0,43776.0,0.0,4691.0,0.0,59607.0,0.0
gen_5_32,40053430.5,0.0,165376.0,0.0,4703.0,0.0,62580.5,0.0
gen_2_31,2656368.0,0.0,256.0,0.0,6280.5,0.0,75243.5,0.0
gen_103_37,8838019.0,0.0,250112.0,0.0,5455.5,0.0,505566.0,0.0
gen_101_39,288636.5,0.0,256.0,0.0,4603.5,0.0,546646.0,0.0
gen_11_20,3591667.5,0.0,256.0,0.0,7963.5,0.0,49949.0,0.0
gen_0_33,20312592.0,0.0,256.0,0.0,5738.5,0.0,89870.0,0.0
gen_106_35,1842716.0,0.0,256.0,0.0,4637.5,0.0,605595.0,0.0
gen_108_36,1402478.5,0.0,256.0,0.0,6283.5,0.0,74478.5,0.0
gen_1_31,1605432.0,0.0,128768.0,0.0,5493.0,0.0,35038.0,0.0
gen_10_36,292313.0,0.0,256.0,0.0,6074.5,0.0,78391.0,0.0
gen_11_32,11480335.0,0.0,43904.0,0.0,5508.0,0.0,60140.0,0.0
gen_1115_20,1289161.0,0.0,256.0,0.0,4958.5,0.0,80884.5,0.0
gen_114_29,15441782.0,0.0,256.0,0.0,6294.5,0.0,75953.5,0.0
gen_110_32,4135718.5,0.0,256.0,0.0,6373.0,0.0,62194.0,0.0
gen_5_31,213.5,0.0,256.0,0.0,1257.5,0.0,7880.5,0.0
gen_104_37,209.5,0.0,256.0,0.0,1231.5,0.0,7332.0,0.0
gen_4_35,212.5,0.0,256.0,0.0,1195.0,0.0,10871.0,0.0
gen_1_30,203.5,0.0,256.0,0.0,1261.0,0.0,7930.5,0.0
gen_11_27,218.0,0.0,256.0,0.0,1195.5,0.0,7883.5,0.0
gen_100_36,230.5,0.0,256.0,0.0,1311.0,0.0,10421.5,0.0
gen_8_36,221.0,0.0,256.0,0.0,1203.5,0.0,12781.5,0.0
gen_110_39,220.5,0.0,256.0,0.0,1295.0,0.0,4557.0,0.0
gen_109_34,214.0,0.0,256.0,0.0,1269.0,0.0,7378.0,0.0
gen_106_10,213.5,0.0,256.0,0.0,1280.5,0.0,5426.5,0.0
gen_104_36,207.0,0.0,256.0,0.0,1260.0,0.0,8829.5,0.0
gen_0_55,210.5,0.0,256.0,0.0,1184.5,0.0,9867.0,0.0
gen_106_27,213.5,0.0,256.0,0.0,1202.5,0.0,8374.0,0.0
gen_2_37,224.5,0.0,256.0,0.0,1382.5,0.0,10479.5,0.0
gen_101_38,234.0,0.0,256.0,0.0,1222.5,0.0,11729.0,0.0
gen_111_2,212.0,0.0,256.0,0.0,1191.0,0.0,9513.0,0.0
gen_103_31,205.5,0.0,256.0,0.0,1244.0,0.0,3563.0,0.0
gen_105_27,221.0,0.0,256.0,0.0,1239.0,0.0,8104.0,0.0
gen_103_8,216.0,0.0,256.0,0.0,1195.0,0.0,10618.5,0.0
gen_114_13,211.0,0.0,256.0,0.0,1255.0,0.0,10022.0,0.0
gen_101_20,211.0,0.0,256.0,0.0,1262.5,0.0,9089.0,0.0
gen_1115_27,217.5,0.0,256.0,0.0,1240.0,0.0,14788.0,0.0
gen_112_31,217.0,0.0,256.0,0.0,1176.5,0.0,11400.0,0.0
gen_7_34,213.0,0.0,256.0,0.0,1229.5,0.0,8358.0,0.0
gen_111_34,206.0,0.0,256.0,0.0,1202.5,0.0,8228.0,0.0
gen_108_34,210.5,0.0,256.0,0.0,1279.0,0.0,5394.0,0.0
gen_0_34,216.5,0.0,256.0,0.0,1234.5,0.0,10542.5,0.0
gen_3_38,213.5,0.0,256.0,0.0,1183.0,0.0,4402.5,0.0
gen_9_22,209.5,0.0,256.0,0.0,1270.0,0.0,8256.0,0.0
gen_10_34,230.5,0.0,256.0,0.0,1268.0,0.0,9387.0,0.0
gen_107_27,222.5,0.0,256.0,0.0,1206.0,0.0,4570.0,0.0
gen_102_36,254.0,0.0,256.0,0.0,1253.0,0.0,12376.0,0.0
gen_8_34,267.0,0.0,256.0,0.0,1253.0,0.0,12372.0,0.0
gen_10_31,214.0,0.0,256.0,0.0,1231.0,0.0,7963.0,0.0
gen_113_37,217.5,0.0,256.0,0.0,1269.5,0.0,10063.5,0.0
gen_8_30,2645720.5,0.0,256.0,0.0,7933.5,0.0,78980.5,0.0
gen_103_27,23394683.0,0.0,289280.0,0.0,763088.0,0.0,935517.5,0.0
gen_110_34,2606789.0,0.0,127360.0,0.0,324170.5,0.0,409345.0,0.0
gen_9_13,8521342.0,0.0,200704.0,0.0,4696.0,0.0,46603.0,0.0
gen_107_36,1057538.5,0.0,256.0,0.0,1195.5,0.0,717811.5,0.0
gen_7_28,5667619.0,0.0,87040.0,0.0,5427.0,0.0,76010.5,0.0
gen_108_31,19341478.0,0.0,256.0,0.0,1229.5,0.0,51504.5,0.0
gen_114_20,3759601.0,0.0,127488.0,0.0,5455.0,0.0,630046.5,0.0
gen_2_32,3241042.0,0.0,434688.0,0.0,6293.0,0.0,56889.5,0.0
gen_113_28,18475612.5,0.0,85248.0,0.0,6440.0,0.0,74140.0,0.0
gen_5_27,4543773.0,0.0,256.0,0.0,1243.0,0.0,604715.5,0.0
gen_4_16,3115295.5,0.0,163968.0,0.0,5509.5,0.0,64614.0,0.0
gen_105_12,24452421.5,0.0,256.0,0.0,1356.5,0.0,87828.0,0.0
gen_100_21,15404024.0,0.0,256.0,0.0,6325.0,0.0,53228.5,0.0
gen_11_33,29622050.5,0.0,203008.0,0.0,5803.5,0.0,75391.0,0.0
gen_11_29,539661.5,0.0,256.0,0.0,4616.0,0.0,726328.5,0.0
gen_0_32,11579254.5,0.0,324992.0,0.0,517264.0,0.0,447494.5,0.0
gen_7_17,644832.0,0.0,256.0,0.0,6284.0,0.0,34805.0,0.0
gen_105_33,8855956.0,0.0,256.0,0.0,5501.5,0.0,63502.5,0.0
gen_5_33,11479644.0,0.0,617984.0,0.0,1211.5,0.0,40107.5,0.0
gen_108_26,32713756.0,0.0,577024.0,0.0,11345.0,0.0,716389.5,0.0
gen_101_50,3596516.0,0.0,423040.0,0.0,222747.0,0.0,849697.0,0.0
gen_114_25,18291149.5,0.0,207104.0,0.0,5848.0,0.0,102190.0,0.0
gen_113_23,2886438.0,0.0,124672.0,0.0,282295.5,0.0,398124.5,0.0
gen_1115_33,1303940.5,0.0,256.0,0.0,5435.0,0.0,91002.0,0.0
gen_12_32,1529476.0,0.0,256.0,0.0,5433.5,0.0,653877.5,0.0
gen_1_29,136776160.5,0.0,574464.0,0.0,6293.5,0.0,62985.5,0.0
gen_106_32,3914781.5,0.0,237696.0,0.0,634257.0,0.0,437249.5,0.0
gen_109_39,15891220.5,0.0,200960.0,0.0,5431.5,0.0,50106.0,0.0
gen_106_36,744473.0,0.0,256.0,0.0,7897.0,0.0,77224.5,0.0
gen_111_35,1721951.0,0.0,304128.0,0.0,362258.0,0.0,861828.0,0.0
gen_102_33,4896783.5,0.0,325376.0,0.0,391672.5,0.0,490397.5,0.0
gen_4_38,1339498.5,0.0,170240.0,0.0,6251.0,0.0,59540.0,0.0
gen_104_25,5422788.5,0.0,127744.0,0.0,4639.5,0.0,794653.5,0.0
gen_9_33,2468822.0,0.0,244480.0,0.0,252523.0,0.0,443559.0,0.0
gen_110_35,4995069.0,0.0,454912.0,0.0,5442.0,0.0,572853.0,0.0
gen_10_38,16608190.0,0.0,557824.0,0.0,6371.5,0.0,88805.5,0.0
gen_106_34,2321467.0,0.0,256.0,0.0,5466.0,0.0,48383.0,0.0
gen_1_35,12090492.5,0.0,928640.0,0.0,624041.5,0.0,451023.5,0.0
gen_105_30,6652980.5,0.0,256.0,0.0,5827.0,0.0,489831.0,0.0
gen_108_24,7601196.5,0.0,645632.0,0.0,710782.0,0.0,858380.0,0.0
gen_101_22,3492256.5,0.0,498688.0,0.0,4624.5,0.0,43408.5,0.0
gen_107_23,1385722.5,0.0,86016.0,0.0,1166.0,0.0,59729.0,0.0
gen_101_19,8759598.5,0.0,257792.0,0.0,5477.5,0.0,580367.0,0.0
gen_4_27,28598888.5,0.0,370944.0,0.0,283323.0,0.0,412325.5,0.0
gen_9_31,1182607.5,0.0,47616.0,0.0,6742.0,0.0,75331.5,0.0
gen_102_25,4302056.5,0.0,247808.0,0.0,6288.5,0.0,73657.5,0.0
gen_101_44,24197615.0,0.0,473088.0,0.0,5473.0,0.0,46758.0,0.0
gen_108_17,2694140.5,0.0,323072.0,0.0,4718.0,0.0,34997.5,0.0
gen_100_30,2995262.5,0.0,427392.0,0.0,444901.5,0.0,1427413.0,0.0
gen_5_13,1440555.0,0.0,446720.0,0.0,494111.0,0.0,559725.5,0.0
gen_105_32,3159247.5,0.0,396800.0,0.0,1271.5,0.0,20531.5,0.0
gen_111_21,17109315.0,0.0,169728.0,0.0,249140.0,0.0,466091.5,0.0
gen_109_24,3191496.0,0.0,372352.0,0.0,382212.0,0.0,886110.5,0.0
gen_2_25,15051867.5,0.0,514048.0,0.0,5452.0,0.0,57990.5,0.0
gen_11_24,409890.5,0.0,256.0,0.0,5422.0,0.0,639333.5,0.0
gen_107_28,8911294.5,0.0,256.0,0.0,1244.0,0.0,65761.0,0.0
gen_110_26,24431032.0,0.0,1005184.0,0.0,1060941.0,0.0,2172118.0,0.0
gen_112_25,1422129.5,0.0,161024.0,0.0,5471.0,0.0,61153.5,0.0
gen_104_33,23231572.0,0.0,363008.0,0.0,584413.0,0.0,471735.0,0.0
gen_9_28,648062.0,0.0,44544.0,0.0,6378.5,0.0,77612.0,0.0
gen_8_27,14964570.0,0.0,476288.0,0.0,363591.0,0.0,519947.0,0.0
gen_12_24,395840.5,0.0,256.0,0.0,5444.0,0.0,62690.0,0.0
gen_7_16,7418731.0,0.0,647552.0,0.0,1392203.0,0.0,866017.5,0.0
gen_100_28,14847131.0,0.0,237184.0,0.0,317958.0,0.0,473760.0,0.0
gen_109_33,139597.5,0.0,256.0,0.0,7896.5,0.0,87699.5,0.0
gen_1115_35,17103905.5,0.0,367616.0,0.0,5456.0,0.0,47002.0,0.0
gen_111_24,4729015.0,0.0,393728.0,0.0,4651.0,0.0,33355.0,0.0
gen_4_19,4861956.0,0.0,256.0,0.0,1243.0,0.0,102996.0,0.0
gen_12_10,2262738.5,0.0,256.0,0.0,1273.0,0.0,52274.5,0.0
gen_103_20,11517747.0,0.0,212736.0,0.0,1227.0,0.0,1112907.5,0.0
gen_104_31,81728.5,0.0,256.0,0.0,1170.0,0.0,1172335.0,0.0
gen_113_32,593072.0,0.0,86784.0,0.0,6248.0,0.0,61694.0,0.0
gen_113_9,3376569.0,0.0,167168.0,0.0,397602.5,0.0,422322.5,0.0
gen_109_13,1691489.5,0.0,284288.0,0.0,5442.0,0.0,61194.0,0.0
gen_0_51,13725718.0,0.0,132352.0,0.0,154080.0,0.0,639866.5,0.0
gen_102_13,20899506.5,0.0,930944.0,0.0,1378966.5,0.0,1987932.5,0.0
gen_100_2,430456.5,0.0,135936.0,0.0,230757.0,0.0,713732.0,0.0
gen_105_11,10120473.0,0.0,298112.0,0.0,5494.5,0.0,47582.0,0.0
gen_9_19,1381788.0,0.0,125952.0,0.0,225430.5,0.0,356188.0,0.0
gen_108_21,16004252.0,0.0,2605440.0,0.0,697303.5,0.0,1973242.5,0.0
gen_114_5,2667022.5,0.0,366848.0,0.0,467824.5,0.0,886027.0,0.0
gen_101_26,10829379.5,0.0,727424.0,0.0,5432.5,0.0,32506.0,0.0
gen_0_17,464985.5,0.0,256.0,0.0,1208.0,0.0,45032.5,0.0
gen_5_1,25173397.0,0.0,2376064.0,0.0,2314817.0,0.0,1100865.0,0.0
gen_12_7,712667.5,0.0,256.0,0.0,1226.0,0.0,62271.0,0.0
gen_102_20,1465042.5,0.0,674176.0,0.0,585441.0,0.0,1863916.5,0.0
gen_5_2,15225193.0,0.0,470144.0,0.0,532765.0,0.0,1906265.5,0.0
gen_105_6,55103263.5,0.0,372992.0,0.0,278128.5,0.0,836627.5,0.0
gen_8_11,298623.0,0.0,133120.0,0.0,151713.5,0.0,737213.0,0.0
gen_107_3,1109010.5,0.0,213248.0,0.0,4657.5,0.0,58869.0,0.0
gen_4_18,4900322.0,0.0,445696.0,0.0,4778.5,0.0,49281.0,0.0
gen_9_21,1902282.5,0.0,255488.0,0.0,382119.5,0.0,1074382.5,0.0
gen_104_23,1129928.0,0.0,332032.0,0.0,5256.5,0.0,60158.0,0.0
gen_8_9,44460079.0,0.0,3271168.0,0.0,4117420.0,0.0,1696255.5,0.0
gen_113_12,8441530.5,0.0,407040.0,0.0,5480.5,0.0,76663.0,0.0
gen_12_22,10761302.0,0.0,534400.0,0.0,544902.0,0.0,463677.5,0.0
gen_104_26,2595874.0,0.0,148992.0,0.0,151104.0,0.0,1311664.0,0.0
gen_3_6,920277.5,0.0,123008.0,0.0,267672.0,0.0,401256.0,0.0
gen_111_27,186517.5,0.0,149760.0,0.0,153855.0,0.0,1341228.0,0.0
gen_101_17,72084877.0,0.0,493056.0,0.0,5091.5,0.0,91202.5,0.0
gen_110_21,1349867.0,0.0,640000.0,0.0,563953.0,0.0,846384.0,0.0
gen_107_22,741086.5,0.0,329472.0,0.0,265218.0,0.0,890076.0,0.0
gen_101_54,2436844.0,0.0,462720.0,0.0,224322.0,0.0,771548.0,0.0
gen_111_22,57964577.0,0.0,256.0,0.0,5038.5,0.0,607602.5,0.0
gen_7_21,4336514.5,0.0,173056.0,0.0,386892.5,0.0,752516.5,0.0
gen_4_24,1992752.0,0.0,124416.0,0.0,262343.0,0.0,381747.5,0.0
gen_106_33,1095277.0,0.0,247552.0,0.0,5259.0,0.0,61651.5,0.0
gen_10_8,289779.0,0.0,167168.0,0.0,150114.0,0.0,404306.5,0.0
gen_10_15,843341.0,0.0,248704.0,0.0,5436.0,0.0,713141.0,0.0
gen_7_4,14110712.0,0.0,2229120.0,0.0,2013161.0,0.0,1864569.5,0.0
gen_113_15,3181446.5,0.0,596736.0,0.0,4642.0,0.0,439068.5,0.0
gen_108_29,3717762.0,0.0,1182592.0,0.0,1043041.0,0.0,2263395.5,0.0
gen_114_19,13491496.0,0.0,577536.0,0.0,4695.5,0.0,59602.0,0.0
gen_10_25,12337030.0,0.0,1802368.0,0.0,1117081.5,0.0,1673352.5,0.0
gen_0_52,2830236.5,0.0,290304.0,0.0,550966.5,0.0,1957428.0,0.0
gen_106_4,5096381.5,0.0,731904.0,0.0,4625.5,0.0,478930.5,0.0
gen_1_14,1822158.0,0.0,245120.0,0.0,275776.5,0.0,1072990.0,0.0
gen_100_27,28801658.5,0.0,3581952.0,0.0,3089564.5,0.0,904330.5,0.0
gen_107_21,3238975.5,0.0,454144.0,0.0,583034.0,0.0,1181342.5,0.0
gen_11_21,324567.5,0.0,219136.0,0.0,151845.5,0.0,743179.5,0.0
gen_107_13,7262391.5,0.0,517888.0,0.0,4667.5,0.0,47585.5,0.0
gen_105_24,3001782.0,0.0,719872.0,0.0,389236.0,0.0,516811.0,0.0
gen_2_24,5237030.0,0.0,1158272.0,0.0,965470.0,0.0,2120697.5,0.0
gen_3_15,15027785.5,0.0,1503488.0,0.0,4651.0,0.0,1593213.0,0.0
gen_112_13,5166218.0,0.0,890368.0,0.0,5613.0,0.0,658643.5,0.0
gen_111_3,34682932.5,0.0,1162752.0,0.0,532482.0,0.0,34304.0,0.0
gen_11_18,9615802.0,0.0,1358720.0,0.0,733720.5,0.0,1270930.5,0.0
gen_9_16,2758588.0,0.0,150784.0,0.0,398695.5,0.0,1207064.5,0.0
gen_110_25,15130111.5,0.0,179840.0,0.0,266765.0,0.0,670169.0,0.0
gen_8_32,11699491.5,0.0,701824.0,0.0,905259.0,0.0,1692413.0,0.0
gen_111_18,1277810.5,0.0,210688.0,0.0,4642.0,0.0,44248.5,0.0
gen_12_26,19936485.5,0.0,519680.0,0.0,1277.5,0.0,20934.0,0.0
gen_1_20,4035671.5,0.0,979328.0,0.0,1066253.0,0.0,2209923.5,0.0
gen_100_31,17666291.5,0.0,410496.0,0.0,786594.0,0.0,1434076.0,0.0
gen_4_17,666701.5,0.0,255488.0,0.0,148995.0,0.0,393164.0,0.0
gen_3_31,5048726.5,0.0,122880.0,0.0,437926.0,0.0,410995.5,0.0
gen_0_28,59231132.5,0.0,3251072.0,0.0,2850208.0,0.0,1858641.5,0.0
gen_5_29,587656.5,0.0,442752.0,0.0,361113.0,0.0,800723.0,0.0
gen_101_23,57642005.0,0.0,3469056.0,0.0,4132744.5,0.0,1860737.5,0.0
gen_102_17,33362055.5,0.0,2994944.0,0.0,1270.0,0.0,1657133.5,0.0
gen_101_15,2566619.5,0.0,124672.0,0.0,1242.5,0.0,65200.0,0.0
gen_103_22,6333193.0,0.0,725248.0,0.0,798489.0,0.0,487425.0,0.0
gen_113_14,1350495.0,0.0,569216.0,0.0,287302.5,0.0,1687982.0,0.0
gen_1115_19,28696484.5,0.0,2487040.0,0.0,2657394.0,0.0,2242894.5,0.0
gen_10_16,70937692.5,0.0,9279360.0,0.0,10286590.5,0.0,3228312.0,0.0
gen_7_13,94513476.0,0.0,4190080.0,0.0,3822092.0,0.0,2138586.0,0.0
gen_2_21,21722567.0,0.0,802048.0,0.0,1138327.5,0.0,1449595.5,0.0
gen_109_5,25740755.5,0.0,866176.0,0.0,878807.5,0.0,45881.5,0.0
gen_4_20,130938.5,0.0,367616.0,0.0,486179.0,0.0,1473250.0,0.0
gen_104_8,639695279.5,0.0,15846912.0,0.0,16120094.0,0.0,7670871.5,0.0
gen_107_19,1195652.0,0.0,1511168.0,0.0,2100710.5,0.0,4678079.5,0.0
gen_111_11,231.0,0.0,256.0,0.0,1215.5,0.0,6976.0,0.0
gen_106_14,81893.0,0.0,127232.0,0.0,1230.5,0.0,634786.0,0.0
gen_110_22,4688697.0,0.0,3334784.0,0.0,3650141.0,0.0,4209378.0,0.0
gen_9_17,37302221.5,0.0,24954752.0,0.0,19249288.0,0.0,22309266.5,0.0
gen_114_17,6105332.0,0.0,2576896.0,0.0,3138727.0,0.0,4228911.0,0.0
gen_7_24,169495.0,0.0,484736.0,0.0,612669.5,0.0,2155415.5,0.0
gen_109_29,124666.0,0.0,370432.0,0.0,279937.0,0.0,1344364.5,0.0
gen_0_25,4436424.0,0.0,5346944.0,0.0,4295431.5,0.0,9113304.5,0.0
gen_1_16,84124.5,0.0,216320.0,0.0,280693.0,0.0,1313842.0,0.0
gen_108_13,4665903.5,0.0,6362752.0,0.0,6677346.0,0.0,8451823.5,0.0
gen_1115_5,994586.0,0.0,727168.0,0.0,660961.0,0.0,1648550.5,0.0
gen_102_18,6887069.0,0.0,8196736.0,0.0,9053750.5,0.0,12245271.0,0.0
gen_113_11,15514982.0,0.0,25883008.0,0.0,27224868.5,0.0,23777236.0,0.0
gen_4_21,322241.0,0.0,810752.0,0.0,869270.5,0.0,3250024.0,0.0
gen_1_9,305783.0,0.0,344960.0,0.0,149030.0,0.0,679172.5,0.0
gen_0_19,10168472.0,0.0,1725184.0,0.0,2147338.0,0.0,4630449.5,0.0
gen_11_14,1200947.0,0.0,2815360.0,0.0,2774128.5,0.0,4861324.5,0.0
gen_2_15,82491.0,0.0,256.0,0.0,1244.0,0.0,1013701.0,0.0
gen_114_16,112975.5,0.0,247424.0,0.0,276371.5,0.0,755422.5,0.0
gen_100_17,870171.0,0.0,1057664.0,0.0,1073519.5,0.0,4619299.0,0.0
gen_101_49,3545867.0,0.0,3296256.0,0.0,3447733.0,0.0,5024852.0,0.0
gen_5_20,2021233.5,0.0,3375488.0,0.0,4477942.5,0.0,5526244.5,0.0
gen_112_10,165683178.0,0.0,35280640.0,0.0,21489287.5,0.0,23729403.0,0.0
gen_8_21,199781.5,0.0,342016.0,0.0,447416.0,0.0,1918620.5,0.0
gen_12_14,247335.0,0.0,898432.0,0.0,1007209.5,0.0,2123117.5,0.0
gen_107_14,383148.0,0.0,527616.0,0.0,420466.0,0.0,1898987.0,0.0
gen_7_20,1885820.5,0.0,1753088.0,0.0,2060293.5,0.0,3474441.0,0.0
gen_5_23,1740815.5,0.0,1377536.0,0.0,1706715.5,0.0,4038356.0,0.0
gen_103_6,586852.0,0.0,1574784.0,0.0,1471357.0,0.0,3828174.5,0.0
gen_101_24,24416236.0,0.0,35970560.0,0.0,33806930.5,0.0,41679803.5,0.0
gen_111_13,7703527.0,0.0,8248064.0,0.0,8359156.0,0.0,7921427.5,0.0
gen_10_20,65941083.5,0.0,24751744.0,0.0,21252830.5,0.0,21641502.0,0.0
gen_108_16,237023.5,0.0,451968.0,0.0,275176.0,0.0,1721510.0,0.0
gen_10_21,14723882.0,0.0,256.0,0.0,1220.0,0.0,36232.5,0.0
gen_103_21,641745.5,0.0,1530752.0,0.0,1604275.5,0.0,3841248.5,0.0
gen_101_47,1085326.0,0.0,142336.0,0.0,222013.0,0.0,524350.0,0.0
gen_9_29,15419139.0,0.0,366336.0,0.0,5436.5,0.0,70322.0,0.0
gen_3_28,5212827.0,0.0,992768.0,0.0,771819.0,0.0,2360033.0,0.0
gen_12_23,7289025.5,0.0,397696.0,0.0,4624.0,0.0,78464.5,0.0
gen_3_27,3477891.0,0.0,328704.0,0.0,4641.0,0.0,102112.5,0.0
gen_113_26,3169711.5,0.0,256.0,0.0,1289.5,0.0,52825.5,0.0
gen_1115_21,2187288.0,0.0,325120.0,0.0,700570.5,0.0,1626760.5,0.0
gen_10_33,22108979.5,0.0,369408.0,0.0,6320.5,0.0,104012.5,0.0
gen_103_32,25742489.5,0.0,280064.0,0.0,4687.5,0.0,48490.0,0.0
gen_111_32,3915957.0,0.0,123648.0,0.0,395527.5,0.0,380315.0,0.0
gen_100_38,978156.5,0.0,276736.0,0.0,259326.0,0.0,467929.0,0.0
gen_0_16,2850293.0,0.0,256.0,0.0,4633.0,0.0,74679.5,0.0
gen_107_30,173627.5,0.0,128256.0,0.0,4672.5,0.0,571559.5,0.0
gen_110_16,52427226.5,0.0,439296.0,0.0,1256.5,0.0,420359.0,0.0
gen_8_5,2081005.0,0.0,364544.0,0.0,448141.5,0.0,438522.0,0.0
gen_1_24,3298271.5,0.0,370944.0,0.0,612770.0,0.0,1289299.0,0.0
gen_0_18,3678271.0,0.0,46848.0,0.0,1213.0,0.0,582018.0,0.0
gen_114_24,2317374.5,0.0,250880.0,0.0,4607.5,0.0,63518.0,0.0
gen_100_25,1216911.0,0.0,129280.0,0.0,268788.0,0.0,1269149.0,0.0
gen_105_34,979817.5,0.0,408320.0,0.0,337216.0,0.0,902235.5,0.0
gen_5_15,14328749.0,0.0,1070976.0,0.0,1004703.5,0.0,464344.0,0.0
gen_107_26,1821498.0,0.0,373248.0,0.0,395451.0,0.0,900107.0,0.0
gen_9_30,2162458.0,0.0,606208.0,0.0,285381.5,0.0,998243.0,0.0
gen_101_12,32632460.5,0.0,131328.0,0.0,577881.5,0.0,744807.0,0.0
gen_11_30,117192507.5,0.0,1493376.0,0.0,1240487.5,0.0,1517813.0,0.0
gen_114_35,48877723.0,0.0,927232.0,0.0,1095527.0,0.0,352717.5,0.0
gen_113_31,1275745.0,0.0,256.0,0.0,5456.5,0.0,580533.5,0.0
gen_111_28,4786840.5,0.0,256.0,0.0,5698.5,0.0,63457.0,0.0
gen_7_30,4632759.0,0.0,489344.0,0.0,1077460.0,0.0,1838773.5,0.0
gen_106_11,2781068.5,0.0,204800.0,0.0,4687.5,0.0,56842.0,0.0
gen_1_18,9170959.0,0.0,605312.0,0.0,311418.0,0.0,894607.5,0.0
gen_11_23,15433698.5,0.0,1483904.0,0.0,1394851.5,0.0,465767.5,0.0
gen_4_23,4833275.5,0.0,406784.0,0.0,679461.0,0.0,1184089.0,0.0
gen_7_8,1296125.0,0.0,606720.0,0.0,458383.5,0.0,1321577.5,0.0
gen_110_5,4649811.0,0.0,377600.0,0.0,474331.0,0.0,1234952.5,0.0
gen_103_30,7810688.5,0.0,242944.0,0.0,354767.0,0.0,1053138.0,0.0
gen_12_1,15689666.5,0.0,899968.0,0.0,428514.5,0.0,1535225.0,0.0
gen_8_29,14936615.0,0.0,923136.0,0.0,4683.0,0.0,540933.5,0.0
gen_10_7,5825055.0,0.0,208768.0,0.0,1228.5,0.0,73103.5,0.0
gen_110_27,11582119.0,0.0,1249792.0,0.0,1402283.0,0.0,1314376.0,0.0
gen_1115_38,1302215.5,0.0,452608.0,0.0,405429.0,0.0,1486998.0,0.0
gen_9_27,14235590.5,0.0,214016.0,0.0,451762.5,0.0,1245332.0,0.0
gen_11_26,1045100.5,0.0,177408.0,0.0,322193.0,0.0,1224592.0,0.0
gen_2_17,1277103.5,0.0,487808.0,0.0,401328.0,0.0,489921.0,0.0
gen_3_25,3764652.0,0.0,167424.0,0.0,437959.0,0.0,820989.5,0.0
gen_3_24,2653052.5,0.0,409344.0,0.0,582572.5,0.0,1315711.0,0.0
gen_108_15,2504084.0,0.0,248320.0,0.0,4624.5,0.0,46863.0,0.0
gen_0_50,4508554.5,0.0,526336.0,0.0,191332.0,0.0,887150.5,0.0
gen_112_36,9054309.5,0.0,213248.0,0.0,4691.0,0.0,60241.5,0.0
gen_109_20,3079737.0,0.0,406016.0,0.0,226194.0,0.0,392757.5,0.0
gen_113_17,29112060.0,0.0,3728000.0,0.0,3431677.5,0.0,1382888.0,0.0
gen_106_12,893190.5,0.0,372480.0,0.0,332736.5,0.0,919037.0,0.0
gen_101_28,1569182.0,0.0,334592.0,0.0,314636.0,0.0,453669.0,0.0
gen_104_28,745679.5,0.0,256.0,0.0,5499.0,0.0,618582.0,0.0
gen_106_31,2907084.5,0.0,215040.0,0.0,4796.0,0.0,32966.5,0.0
gen_105_19,6495339.0,0.0,769792.0,0.0,721574.0,0.0,478974.0,0.0
gen_0_24,11390329.5,0.0,578304.0,0.0,351481.5,0.0,523463.5,0.0
gen_114_21,6217112.0,0.0,403456.0,0.0,480140.0,0.0,909304.0,0.0
gen_101_34,9068421.0,0.0,256.0,0.0,1213.0,0.0,48640.0,0.0
gen_0_12,3566965.5,0.0,125440.0,0.0,444776.0,0.0,916256.5,0.0
gen_1115_32,4239828.0,0.0,256.0,0.0,1236.0,0.0,667464.0,0.0
gen_107_33,526437.0,0.0,317440.0,0.0,391289.5,0.0,1400344.5,0.0
gen_112_22,32893090.5,0.0,2704512.0,0.0,3270001.5,0.0,1750188.0,0.0
gen_5_22,4471271.0,0.0,807552.0,0.0,890786.5,0.0,463185.5,0.0
gen_111_26,944381.0,0.0,182272.0,0.0,180073.5,0.0,1231823.5,0.0
gen_104_24,237736.5,0.0,144128.0,0.0,146795.5,0.0,1066068.0,0.0
gen_4_22,9853230.0,0.0,469760.0,0.0,4700.5,0.0,46053.5,0.0
gen_108_1,8286043.0,0.0,525184.0,0.0,5424.5,0.0,63901.0,0.0
gen_102_26,1014961.0,0.0,125952.0,0.0,267094.0,0.0,409418.0,0.0
gen_9_4,818226.0,0.0,363776.0,0.0,1263.0,0.0,1049532.5,0.0
gen_7_31,806780.0,0.0,140672.0,0.0,222331.0,0.0,1081710.0,0.0
gen_100_18,23493042.5,0.0,2335360.0,0.0,5461.0,0.0,1924873.0,0.0
gen_103_29,118710.5,0.0,256.0,0.0,1381.5,0.0,1321916.5,0.0
gen_113_33,7711994.0,0.0,12071296.0,0.0,11967494.5,0.0,16907303.5,0.0
gen_110_14,247584.5,0.0,468992.0,0.0,547010.5,0.0,4092766.0,0.0
gen_9_20,619804.5,0.0,808448.0,0.0,997772.0,0.0,2615734.0,0.0
gen_0_13,337633.0,0.0,451200.0,0.0,641176.5,0.0,1967213.5,0.0
gen_109_28,43131.5,0.0,256.0,0.0,1206.0,0.0,492312.5,0.0
gen_108_33,296003.5,0.0,785408.0,0.0,800823.5,0.0,2131202.5,0.0
gen_114_28,13358138.0,0.0,7001984.0,0.0,6942587.5,0.0,8401908.5,0.0
gen_11_16,1220503.0,0.0,4118144.0,0.0,4763375.0,0.0,6474787.0,0.0
gen_112_28,251138.5,0.0,341760.0,0.0,277683.0,0.0,1080038.0,0.0
gen_100_12,1064951.0,0.0,887040.0,0.0,684916.0,0.0,3610110.5,0.0
gen_3_26,25714175.0,0.0,10853760.0,0.0,11065360.0,0.0,7919238.5,0.0
gen_104_7,803655.0,0.0,2147712.0,0.0,2360086.5,0.0,4242356.0,0.0
gen_102_24,81803.5,0.0,123904.0,0.0,1219.5,0.0,524819.5,0.0
gen_10_18,75273682.0,0.0,21962880.0,0.0,19616805.5,0.0,14977048.5,0.0
gen_12_31,416821.0,0.0,1132544.0,0.0,1470097.5,0.0,4092299.0,0.0
gen_101_6,45788.0,0.0,256.0,0.0,1192.0,0.0,585604.0,0.0
gen_105_25,1098618.5,0.0,680448.0,0.0,277406.5,0.0,2105151.0,0.0
gen_1_23,396176.5,0.0,608512.0,0.0,1208.0,0.0,2329018.5,0.0
gen_111_31,114763.0,0.0,372992.0,0.0,463496.0,0.0,1761165.0,0.0
gen_1115_16,160323.5,0.0,256.0,0.0,1274.5,0.0,1821064.5,0.0
gen_113_34,384862.0,0.0,1190400.0,0.0,1622869.5,0.0,3601505.0,0.0
gen_1_27,600944.0,0.0,1264128.0,0.0,1391609.5,0.0,2853349.0,0.0
gen_101_55,35888479.5,0.0,750080.0,0.0,693992.0,0.0,1283666.0,0.0
gen_109_16,480527.0,0.0,953344.0,0.0,549042.5,0.0,2596819.5,0.0
gen_114_27,5477339.5,0.0,3846656.0,0.0,3301148.0,0.0,5513174.0,0.0
gen_9_11,315939.0,0.0,939008.0,0.0,1268946.5,0.0,3398137.0,0.0
gen_108_32,8440005.5,0.0,5703040.0,0.0,5764836.5,0.0,6496210.5,0.0
gen_5_19,41485.5,0.0,256.0,0.0,1212.0,0.0,615344.0,0.0
gen_107_7,121200.0,0.0,204544.0,0.0,275272.0,0.0,1398215.0,0.0
gen_4_28,156128.5,0.0,335744.0,0.0,276743.0,0.0,1655638.5,0.0
gen_111_33,1305091.5,0.0,2787968.0,0.0,2869190.0,0.0,6345849.5,0.0
gen_8_10,101945.5,0.0,305664.0,0.0,265815.0,0.0,1951834.0,0.0
gen_107_20,15563198.5,0.0,10113408.0,0.0,8137975.5,0.0,12356225.0,0.0
gen_0_43,14168229.5,0.0,15579648.0,0.0,16807635.5,0.0,14214831.5,0.0
gen_101_10,208947.5,0.0,571520.0,0.0,707918.0,0.0,2160564.5,0.0
gen_11_5,27963509.0,0.0,4219136.0,0.0,2707554.0,0.0,2825615.5,0.0
gen_9_1,74044675.0,0.0,1169664.0,0.0,5445.0,0.0,534026.0,0.0
gen_110_15,2026119.5,0.0,690432.0,0.0,5430.5,0.0,79986.5,0.0
gen_106_9,73113612.0,0.0,4441472.0,0.0,4001486.5,0.0,3678107.5,0.0
gen_1_8,1494309.5,0.0,420608.0,0.0,4624.5,0.0,31331.0,0.0
gen_5_18,3122658.0,0.0,328704.0,0.0,5477.5,0.0,108585.0,0.0
gen_5_12,6396841.0,0.0,1489920.0,0.0,1116347.5,0.0,2264323.0,0.0
gen_104_15,1025353.0,0.0,130560.0,0.0,228741.0,0.0,706054.0,0.0
gen_7_12,1233881.5,0.0,502912.0,0.0,292156.5,0.0,880980.5,0.0
gen_8_15,225973937.5,0.0,36393472.0,0.0,32221571.0,0.0,20166243.0,0.0
gen_3_8,1713065.0,0.0,132096.0,0.0,315572.0,0.0,666593.0,0.0
gen_114_12,7245037.5,0.0,1377408.0,0.0,790115.0,0.0,1302166.5,0.0
gen_112_21,13141466.5,0.0,1730432.0,0.0,4667.5,0.0,545073.0,0.0
gen_102_1,213205.5,0.0,247296.0,0.0,295460.0,0.0,899024.0,0.0
gen_108_11,693491.0,0.0,139776.0,0.0,236061.0,0.0,1003656.5,0.0
gen_112_11,4614754.5,0.0,1304576.0,0.0,1049146.5,0.0,1910081.0,0.0
gen_111_10,9481857.0,0.0,2031872.0,0.0,922825.0,0.0,908248.5,0.0
gen_107_5,63830663.5,0.0,1599488.0,0.0,5508.0,0.0,899730.0,0.0
gen_111_1,914909.5,0.0,256.0,0.0,5435.5,0.0,45926.0,0.0
gen_0_3,1415793.5,0.0,545280.0,0.0,263771.0,0.0,2079813.0,0.0
gen_7_9,20654612.5,0.0,4070144.0,0.0,2160054.0,0.0,2014513.0,0.0
gen_3_2,292025.0,0.0,141568.0,0.0,181796.5,0.0,929688.5,0.0
gen_113_1,25375688.5,0.0,6640256.0,0.0,3249260.5,0.0,4059233.5,0.0
gen_1_17,198214.0,0.0,156160.0,0.0,152297.5,0.0,1260558.5,0.0
gen_102_3,1704534.0,0.0,210944.0,0.0,1215.5,0.0,908941.5,0.0
gen_113_10,14773737.0,0.0,679040.0,0.0,740639.0,0.0,1781485.0,0.0
gen_1115_15,3576513.5,0.0,1478016.0,0.0,841363.0,0.0,1300876.5,0.0
gen_11_10,35770151.0,0.0,7454976.0,0.0,1937531.5,0.0,2982444.5,0.0
gen_104_14,40272786.5,0.0,15151872.0,0.0,7614270.5,0.0,4272656.0,0.0
gen_100_11,22038920.5,0.0,7102336.0,0.0,5395320.0,0.0,1691144.0,0.0
gen_4_10,1333832.0,0.0,302848.0,0.0,363499.0,0.0,1277879.5,0.0
gen_10_24,7394928.5,0.0,950272.0,0.0,5514.5,0.0,476102.5,0.0
gen_101_9,594227.0,0.0,288768.0,0.0,284471.5,0.0,993337.0,0.0
gen_9_14,14723134.5,0.0,3388928.0,0.0,2228937.0,0.0,1752398.5,0.0
gen_103_14,71613986.0,0.0,3881344.0,0.0,4366112.0,0.0,3660403.5,0.0
gen_10_39,8997021.5,0.0,1623808.0,0.0,1206483.5,0.0,1288572.5,0.0
gen_4_12,15455111.5,0.0,1754240.0,0.0,442831.5,0.0,809010.5,0.0
gen_105_22,25687090.5,0.0,8501888.0,0.0,6077357.5,0.0,7499132.5,0.0
gen_100_15,6566433.0,0.0,148096.0,0.0,397764.5,0.0,1088615.0,0.0
gen_8_14,2210343.5,0.0,131328.0,0.0,234431.5,0.0,664149.0,0.0
gen_102_9,317555.5,0.0,873984.0,0.0,1086127.0,0.0,3675454.0,0.0
gen_3_14,860291.5,0.0,2449664.0,0.0,2971177.5,0.0,5573827.5,0.0
gen_1_26,85279.5,0.0,216320.0,0.0,280057.5,0.0,1206756.0,0.0
gen_2_23,2633874.0,0.0,5191936.0,0.0,5860518.5,0.0,10669855.0,0.0
gen_101_30,123761.0,0.0,443392.0,0.0,472043.0,0.0,1521194.0,0.0
gen_101_27,485958.5,0.0,1433728.0,0.0,1357005.0,0.0,4218325.5,0.0
gen_100_23,1723277.5,0.0,1775488.0,0.0,2060892.5,0.0,4470128.5,0.0
gen_106_24,908710.0,0.0,889856.0,0.0,1051849.5,0.0,2946288.5,0.0
gen_114_39,86620.0,0.0,208768.0,0.0,302657.5,0.0,872556.0,0.0
gen_2_30,202207.0,0.0,409344.0,0.0,300746.5,0.0,849371.0,0.0
gen_103_7,5278781.5,0.0,11999616.0,0.0,12144182.0,0.0,13410258.5,0.0
gen_8_26,43252.5,0.0,256.0,0.0,1260.0,0.0,595423.0,0.0
gen_114_15,407191.0,0.0,996224.0,0.0,878933.0,0.0,2811967.0,0.0
gen_113_25,121876.5,0.0,369408.0,0.0,443792.0,0.0,1490632.5,0.0
gen_114_26,498299.5,0.0,1407872.0,0.0,1853783.0,0.0,3984892.5,0.0
gen_100_26,43170.0,0.0,256.0,0.0,1223.0,0.0,488130.0,0.0
gen_1_21,729743.0,0.0,2139392.0,0.0,1594349.5,0.0,4860987.5,0.0
gen_113_18,287428.5,0.0,692736.0,0.0,946295.0,0.0,2558410.5,0.0
gen_110_18,12971022.5,0.0,14286208.0,0.0,12180518.0,0.0,14123505.5,0.0
gen_0_40,2197023.0,0.0,165632.0,0.0,181455.0,0.0,1472327.5,0.0
gen_12_18,43985.0,0.0,256.0,0.0,1244.5,0.0,397067.5,0.0
gen_106_17,44048.5,0.0,256.0,0.0,1238.0,0.0,409534.5,0.0
gen_9_34,6345131.0,0.0,3329152.0,0.0,1311387.0,0.0,4180164.0,0.0
gen_107_15,43798.0,0.0,256.0,0.0,1238.0,0.0,499861.5,0.0
gen_105_20,113741.5,0.0,248064.0,0.0,278079.5,0.0,725090.5,0.0
gen_11_35,164580.0,0.0,455424.0,0.0,547016.5,0.0,1767641.5,0.0
gen_12_19,443392.5,0.0,1008640.0,0.0,1349615.5,0.0,3467072.5,0.0
gen_1115_26,43811.5,0.0,256.0,0.0,1222.5,0.0,489423.0,0.0
gen_0_38,322058.0,0.0,815104.0,0.0,1102931.5,0.0,2649375.5,0.0
gen_112_8,330175.0,0.0,898176.0,0.0,1291984.5,0.0,3126734.5,0.0
gen_104_39,44818.5,0.0,256.0,0.0,1171.0,0.0,633323.0,0.0
gen_9_25,79273.0,0.0,230016.0,0.0,275130.5,0.0,1358309.5,0.0
gen_4_29,2735428.0,0.0,3332480.0,0.0,3880828.5,0.0,4677136.0,0.0
gen_8_22,1568146.5,0.0,1355136.0,0.0,1462588.0,0.0,2331760.0,0.0
gen_104_22,1462374.5,0.0,3391104.0,0.0,4127254.0,0.0,7703756.5,0.0
gen_1115_11,601965.5,0.0,1192960.0,0.0,1068149.0,0.0,2016362.0,0.0
gen_4_25,512098.5,0.0,1383936.0,0.0,1622555.5,0.0,4481707.5,0.0
gen_109_27,10160921.5,0.0,4699776.0,0.0,5252021.5,0.0,5522681.0,0.0
gen_107_6,3710276.0,0.0,1014400.0,0.0,600253.5,0.0,1801032.0,0.0
gen_107_38,74688613.5,0.0,5570688.0,0.0,3289114.5,0.0,3716244.5,0.0
gen_7_6,35561761.0,0.0,8140288.0,0.0,5580323.0,0.0,6125740.5,0.0
gen_105_16,252671526.5,0.0,2417280.0,0.0,968524.5,0.0,1364206.0,0.0
gen_0_10,8630391.5,0.0,2758144.0,0.0,956820.5,0.0,2321615.0,0.0
gen_3_7,685439.5,0.0,393472.0,0.0,473242.5,0.0,1668210.5,0.0
gen_8_17,89706085.0,0.0,14285312.0,0.0,6053706.5,0.0,5769113.5,0.0
gen_9_2,593083674.0,0.0,70592384.0,0.0,52236363.5,0.0,33207638.0,0.0
gen_104_17,31108530.0,0.0,7250304.0,0.0,676153.5,0.0,1309642.0,0.0
gen_113_19,72587792.5,0.0,7472768.0,0.0,7622987.5,0.0,2509164.0,0.0
gen_102_16,23799339.0,0.0,2461056.0,0.0,1574431.5,0.0,2124700.5,0.0
gen_101_52,37710962.5,0.0,2369280.0,0.0,1579917.5,0.0,2127172.0,0.0
gen_12_21,215873572.0,0.0,17426816.0,0.0,13730673.5,0.0,4963639.0,0.0
gen_101_18,24907461.5,0.0,7560832.0,0.0,4697738.0,0.0,4666842.0,0.0
gen_4_1,19243930.0,0.0,4084736.0,0.0,4119656.5,0.0,2922758.5,0.0
gen_4_40,44840.5,0.0,256.0,0.0,1231.0,0.0,636854.5,0.0
gen_2_16,10194289.5,0.0,4315264.0,0.0,1873557.0,0.0,5006629.0,0.0
gen_108_5,10450686.5,0.0,5039488.0,0.0,2403377.0,0.0,4847026.5,0.0
gen_10_22,453570.5,0.0,641024.0,0.0,554885.5,0.0,1902296.0,0.0
gen_1115_1,85469715.5,0.0,26030720.0,0.0,10330452.5,0.0,10680720.0,0.0
gen_106_20,15399283.5,0.0,3606016.0,0.0,1627317.0,0.0,2439379.5,0.0
gen_109_18,201145911.5,0.0,66329472.0,0.0,11292522.0,0.0,20353849.0,0.0
gen_112_5,9404625.0,0.0,1904768.0,0.0,446712.0,0.0,1240925.5,0.0
gen_111_5,20463561.5,0.0,4825344.0,0.0,2443206.0,0.0,1602117.0,0.0
gen_113_27,574881114.5,0.0,73615872.0,0.0,32210036.0,0.0,5193661.5,0.0
gen_109_11,26815852.5,0.0,2402688.0,0.0,1286935.5,0.0,2060409.5,0.0
gen_101_13,338525982.0,0.0,43615616.0,0.0,26137204.5,0.0,13142292.5,0.0
gen_3_10,5242821.5,0.0,1471744.0,0.0,451668.0,0.0,1278098.0,0.0
gen_1_10,38134183.5,0.0,14275200.0,0.0,8475737.5,0.0,4769901.5,0.0
gen_114_10,2207263.0,0.0,249344.0,0.0,403232.0,0.0,1095454.0,0.0
gen_103_11,246484258.0,0.0,4279040.0,0.0,424566.5,0.0,2904957.5,0.0
gen_103_4,57024575.0,0.0,16647808.0,0.0,8914311.0,0.0,6285552.5,0.0
gen_0_44,2871315.0,0.0,256512.0,0.0,267255.0,0.0,736762.0,0.0
gen_100_13,35575453.5,0.0,4994432.0,0.0,4351518.0,0.0,590969.0,0.0
gen_5_14,15926411.5,0.0,2741632.0,0.0,5451.0,0.0,546651.5,0.0
gen_9_12,21844768.0,0.0,343808.0,0.0,1256.0,0.0,562949.5,0.0
gen_112_7,754766746.0,0.0,32498432.0,0.0,22157384.0,0.0,8907849.0,0.0
gen_0_4,14378345.5,0.0,2583936.0,0.0,1268573.0,0.0,880012.5,0.0
gen_108_22,15299388.5,0.0,3238656.0,0.0,731921.5,0.0,1575046.0,0.0
gen_9_15,17338937.0,0.0,6237952.0,0.0,4399950.5,0.0,4592926.0,0.0
gen_108_12,26047228.5,0.0,1274624.0,0.0,1041506.0,0.0,2635929.0,0.0
gen_11_8,351610.0,0.0,403712.0,0.0,456147.0,0.0,1448913.0,0.0
gen_106_21,91240015.5,0.0,1422080.0,0.0,1204.0,0.0,1557908.5,0.0
gen_10_12,26229235.5,0.0,20348288.0,0.0,12965634.5,0.0,16252748.5,0.0
gen_103_16,86749.0,0.0,208768.0,0.0,275725.0,0.0,1004586.5,0.0
gen_114_9,46491030.5,0.0,5987072.0,0.0,2158556.5,0.0,1913728.0,0.0
gen_8_1,116946852.5,0.0,52902016.0,0.0,32706623.0,0.0,28937998.0,0.0
gen_1115_13,61296888.5,0.0,36181376.0,0.0,22725105.5,0.0,25773946.5,0.0
gen_3_12,25169187.5,0.0,9835392.0,0.0,3560841.5,0.0,5252890.0,0.0
gen_101_8,530277294.0,0.0,19361536.0,0.0,12992430.0,0.0,7203026.0,0.0
gen_114_8,21135187.5,0.0,7261312.0,0.0,2527363.5,0.0,3895343.5,0.0
gen_7_3,147847606.0,0.0,45865216.0,0.0,32452516.5,0.0,30349251.5,0.0
gen_104_2,257875972.5,0.0,86002176.0,0.0,53274407.5,0.0,43312465.5,0.0
gen_110_12,54506979.0,0.0,10159232.0,0.0,6889037.0,0.0,9134946.0,0.0
gen_1_12,45146281.0,0.0,10809856.0,0.0,10015333.0,0.0,6826685.0,0.0
gen_0_8,132293749.5,0.0,31302528.0,0.0,25896278.0,0.0,26456639.5,0.0
gen_107_17,642233184.0,0.0,35684992.0,0.0,31605131.5,0.0,4580798.5,0.0
gen_12_17,1313582.5,0.0,2246272.0,0.0,2829977.5,0.0,6861045.5,0.0
gen_104_5,243574.0,0.0,500480.0,0.0,476601.5,0.0,1678950.0,0.0
gen_113_3,79876.5,0.0,258560.0,0.0,277961.5,0.0,2285894.0,0.0
gen_105_4,869342.5,0.0,452352.0,0.0,436485.5,0.0,1533806.0,0.0
gen_109_6,105952555.5,0.0,24308736.0,0.0,11985128.0,0.0,8068131.0,0.0
gen_2_8,41506.0,0.0,256.0,0.0,1231.5,0.0,700617.0,0.0
gen_112_4,220762128.0,0.0,47565696.0,0.0,35347933.5,0.0,26197756.0,0.0
gen_108_40,14517115.5,0.0,5723008.0,0.0,4230526.0,0.0,4218788.0,0.0
gen_0_9,35527703.5,0.0,15328512.0,0.0,5553729.0,0.0,6431265.0,0.0
gen_11_12,655791550.0,0.0,63194368.0,0.0,45186553.0,0.0,38189868.0,0.0
gen_100_4,95651827.5,0.0,75910656.0,0.0,38986064.0,0.0,34797790.5,0.0
gen_4_9,24055541.5,0.0,5440896.0,0.0,6439712.0,0.0,5435785.5,0.0
gen_102_39,67538515.5,0.0,35921664.0,0.0,25473445.0,0.0,13891795.5,0.0
gen_0_42,35445860.5,0.0,11207936.0,0.0,6445926.0,0.0,4447787.0,0.0
gen_102_7,475485602.0,0.0,46443904.0,0.0,35705292.0,0.0,19415135.5,0.0
gen_110_13,12118561.5,0.0,11202304.0,0.0,12071741.0,0.0,11378978.0,0.0
gen_3_11,915488.5,0.0,570624.0,0.0,275409.0,0.0,2466024.5,0.0
gen_103_18,3088244.5,0.0,3535232.0,0.0,3359517.0,0.0,6360693.0,0.0
gen_112_2,45821682.0,0.0,41542400.0,0.0,33016885.5,0.0,33591768.0,0.0
gen_1_15,453157.0,0.0,1128832.0,0.0,1225797.5,0.0,4036292.0,0.0
gen_110_1,1346529.0,0.0,418048.0,0.0,695597.5,0.0,2485545.5,0.0
gen_10_10,15210488.0,0.0,11621504.0,0.0,6501041.0,0.0,9977457.5,0.0
gen_106_15,82948987.5,0.0,26245888.0,0.0,19176590.0,0.0,10067234.0,0.0
gen_1_3,732540.0,0.0,599168.0,0.0,690902.0,0.0,2313557.5,0.0
gen_106_6,7056804.0,0.0,1896448.0,0.0,5458.0,0.0,69202.5,0.0
gen_12_4,124366909.0,0.0,5076864.0,0.0,1191523.0,0.0,2465112.0,0.0
gen_114_3,189926161.5,0.0,76196736.0,0.0,52392618.0,0.0,31709677.0,0.0
gen_109_1,18484143.5,0.0,4782336.0,0.0,2688430.0,0.0,4303276.0,0.0
gen_102_6,1616392.5,0.0,1415808.0,0.0,1736029.0,0.0,4792233.0,0.0
gen_0_11,64911571.0,0.0,17712512.0,0.0,12649800.0,0.0,9932435.5,0.0
gen_109_40,158790511.5,0.0,36292608.0,0.0,22242501.5,0.0,15974391.5,0.0
gen_113_4,56484062.0,0.0,9713408.0,0.0,2448774.5,0.0,3995627.5,0.0
gen_0_6,56066126.5,0.0,16848256.0,0.0,8890102.5,0.0,9060279.5,0.0
gen_3_5,10137101.5,0.0,4662784.0,0.0,3234162.5,0.0,5700740.0,0.0
gen_111_6,86030632.0,0.0,23096576.0,0.0,11837266.5,0.0,9256361.0,0.0
gen_112_1,21967963.5,0.0,8955904.0,0.0,5103357.0,0.0,6619461.0,0.0
gen_112_39,15257525.5,0.0,1873920.0,0.0,5518.5,0.0,110952.5,0.0
gen_1115_7,885470.5,0.0,459008.0,0.0,589781.0,0.0,1801160.5,0.0
gen_9_6,46637360.5,0.0,8354048.0,0.0,7119847.0,0.0,3874820.5,0.0
gen_10_3,15797881.5,0.0,5393024.0,0.0,3411890.0,0.0,4017897.0,0.0
gen_1_6,17350083.5,0.0,5231104.0,0.0,3493874.5,0.0,4985996.5,0.0
gen_101_4,97454802.5,0.0,35475456.0,0.0,22403820.0,0.0,14184693.0,0.0
gen_100_1,16573427.0,0.0,1594496.0,0.0,1252.0,0.0,87014.0,0.0
gen_108_14,924963.0,0.0,173184.0,0.0,152453.0,0.0,623503.5,0.0
gen_109_3,35685659.0,0.0,13373952.0,0.0,7489103.0,0.0,6631453.5,0.0
gen_103_5,470499021.5,0.0,65773568.0,0.0,47781398.0,0.0,32143341.0,0.0
gen_103_3,12581611.0,0.0,4155392.0,0.0,3111533.5,0.0,4022829.5,0.0
gen_2_6,7213152.0,0.0,3166464.0,0.0,1443068.5,0.0,2934636.5,0.0
gen_5_6,358947004.5,0.0,106308608.0,0.0,52844729.0,0.0,43302508.0,0.0
gen_110_6,19538471.5,0.0,4696960.0,0.0,1180970.5,0.0,3413881.5,0.0
gen_4_7,55639760.0,0.0,10530944.0,0.0,1779169.0,0.0,4318402.5,0.0
gen_102_10,123596.5,0.0,233728.0,0.0,274424.5,0.0,1767996.0,0.0
gen_110_40,3331998.5,0.0,1108224.0,0.0,1188877.0,0.0,2812803.5,0.0
gen_11_17,56188618.5,0.0,21297792.0,0.0,16257106.0,0.0,9360504.5,0.0
gen_1115_8,11365283.5,0.0,3788032.0,0.0,3414707.0,0.0,2695839.0,0.0
gen_7_11,397248919.5,0.0,71849088.0,0.0,35015893.5,0.0,17899753.0,0.0
gen_111_8,2178828.5,0.0,2643328.0,0.0,1662396.5,0.0,4393702.0,0.0
gen_113_8,619876.5,0.0,745088.0,0.0,490104.5,0.0,2051343.0,0.0
gen_4_4,4049129.5,0.0,1032192.0,0.0,580611.5,0.0,1591750.0,0.0
gen_107_16,42358446.5,0.0,12734336.0,0.0,7690901.5,0.0,5272166.5,0.0
gen_9_10,13201009.5,0.0,4784000.0,0.0,2546269.5,0.0,2929918.0,0.0
gen_12_12,63879207.0,0.0,24675712.0,0.0,13424287.5,0.0,10038513.0,0.0
gen_1115_4,1861673146.0,0.0,208642048.0,0.0,194196049.0,0.0,47391076.0,0.0
gen_2_3,95083751.0,0.0,6632448.0,0.0,1988491.0,0.0,997138.0,0.0
gen_107_11,412222278.0,0.0,20169728.0,0.0,15414704.5,0.0,11724280.5,0.0
gen_7_1,25548457.5,0.0,10787712.0,0.0,4754011.5,0.0,5682911.5,0.0
gen_111_4,90759887.5,0.0,31081600.0,0.0,18750533.0,0.0,16717302.0,0.0
gen_11_36,766073.0,0.0,467328.0,0.0,445873.0,0.0,2197267.5,0.0
gen_102_11,60131369.0,0.0,18992640.0,0.0,12576754.5,0.0,7409611.5,0.0
gen_10_9,81583787.0,0.0,13142912.0,0.0,7233951.5,0.0,5600331.0,0.0
gen_0_46,21134927.0,0.0,9022592.0,0.0,4177903.5,0.0,5709175.5,0.0
gen_106_2,137908351.0,0.0,43408128.0,0.0,18759763.5,0.0,11110832.0,0.0
gen_106_40,34808205.0,0.0,13484032.0,0.0,9110901.5,0.0,5983907.0,0.0
gen_10_6,98069442.0,0.0,14842112.0,0.0,7970946.5,0.0,5274392.0,0.0
gen_104_10,93323270.0,0.0,5727360.0,0.0,2602466.5,0.0,2799553.5,0.0
gen_5_10,207505283.5,0.0,88140800.0,0.0,40249661.0,0.0,28942799.5,0.0
gen_4_6,66126590.0,0.0,16534400.0,0.0,860325.0,0.0,935207.0,0.0
gen_110_3,6149589.5,0.0,2512640.0,0.0,848353.5,0.0,2718448.5,0.0
gen_0_2,146443800.5,0.0,30719872.0,0.0,26170338.0,0.0,3493730.5,0.0
gen_9_9,629026103.5,0.0,56263296.0,0.0,42548232.5,0.0,20393150.5,0.0
gen_103_2,266820365.0,0.0,47105408.0,0.0,21302011.5,0.0,5733033.0,0.0
gen_3_3,197015.5,0.0,156672.0,0.0,150376.5,0.0,1666123.5,0.0
gen_104_4,15856457.5,0.0,6070272.0,0.0,5147561.0,0.0,4991387.5,0.0
gen_8_6,43676307.5,0.0,13707392.0,0.0,7064377.0,0.0,2099084.5,0.0
gen_100_5,44793536.5,0.0,22160768.0,0.0,6586188.5,0.0,6948779.0,0.0
gen_108_6,130639352.5,0.0,339456.0,0.0,1235.0,0.0,7147.0,0.0
gen_113_6,308818108.5,0.0,76631168.0,0.0,12263612.5,0.0,14855379.5,0.0
gen_4_8,1007797.0,0.0,1201536.0,0.0,1512498.0,0.0,3835514.5,0.0
gen_3_4,133477.0,0.0,212992.0,0.0,282577.5,0.0,1659551.0,0.0
gen_7_2,72541378.5,0.0,9650432.0,0.0,4509582.5,0.0,581678.5,0.0
gen_113_2,36402586.0,0.0,11842048.0,0.0,7297325.5,0.0,6456716.0,0.0
gen_2_1,106536026.0,0.0,55508352.0,0.0,39388339.0,0.0,32818133.0,0.0
gen_101_2,316352547.0,0.0,26032128.0,0.0,17678014.5,0.0,11436416.5,0.0
gen_107_2,42103984.0,0.0,19599104.0,0.0,9565094.0,0.0,5605516.5,0.0
gen_0_1,14537382.0,0.0,6574720.0,0.0,3415772.0,0.0,6051480.0,0.0
gen_101_1,139499302.0,0.0,35706880.0,0.0,25505635.5,0.0,15997815.0,0.0
gen_114_11,206160.0,0.0,381568.0,0.0,273919.0,0.0,2266706.0,0.0
gen_1_2,112222453.5,0.0,25365504.0,0.0,12196274.0,0.0,7491892.5,0.0
gen_102_2,793240.5,0.0,488704.0,0.0,666842.0,0.0,5416892.5,0.0
gen_7_19,79201.5,0.0,256.0,0.0,1211.5,0.0,1013138.5,0.0
gen_7_7,26001883.0,0.0,7604224.0,0.0,4672389.5,0.0,3004155.0,0.0
gen_4_5,778840800.5,0.0,20743424.0,0.0,11297692.0,0.0,6683562.5,0.0
gen_5_5,4211088.5,0.0,3396224.0,0.0,3311020.5,0.0,7642676.0,0.0
gen_11_19,6836768.5,0.0,2031872.0,0.0,1976291.5,0.0,3487913.5,0.0
gen_104_16,854552.5,0.0,1425920.0,0.0,1850903.5,0.0,5167718.5,0.0
gen_1_1,499244.0,0.0,1279232.0,0.0,1600614.5,0.0,3626450.0,0.0
gen_12_36,452713.5,0.0,1150848.0,0.0,1435339.0,0.0,3960992.0,0.0
gen_8_8,54558640.0,0.0,8207488.0,0.0,5085827.5,0.0,5935042.5,0.0
gen_101_42,454542.5,0.0,1056128.0,0.0,1090622.0,0.0,3350835.5,0.0
gen_112_14,1999399.5,0.0,1679104.0,0.0,1205373.5,0.0,2744431.5,0.0
gen_111_7,8049024.5,0.0,6800896.0,0.0,6297518.0,0.0,7860625.5,0.0
gen_12_13,82045.5,0.0,204544.0,0.0,276736.5,0.0,907622.5,0.0
gen_105_9,36821807.5,0.0,19381760.0,0.0,18159958.5,0.0,9518878.5,0.0
gen_0_7,926426.0,0.0,992384.0,0.0,1157775.0,0.0,2192382.5,0.0
gen_3_1,421677.0,0.0,1167616.0,0.0,1330752.0,0.0,4711840.5,0.0
gen_114_18,130019852.5,0.0,33945856.0,0.0,21191291.5,0.0,14640224.0,0.0
gen_105_7,116186795.5,0.0,38513664.0,0.0,8230153.5,0.0,6967806.5,0.0
gen_2_13,195549887.5,0.0,46023936.0,0.0,42718134.5,0.0,32995563.5,0.0
gen_0_45,4218402.5,0.0,1796224.0,0.0,417068.5,0.0,1571571.0,0.0
gen_101_5,1319212.5,0.0,2774784.0,0.0,3370007.5,0.0,6821250.5,0.0
gen_107_12,148459.0,0.0,276864.0,0.0,282427.5,0.0,788694.5,0.0
gen_3_18,35471820.5,0.0,30902528.0,0.0,24147393.0,0.0,23516852.0,0.0
gen_113_20,758937.0,0.0,454656.0,0.0,285474.0,0.0,2408486.5,0.0
gen_1115_14,3231208.5,0.0,3610112.0,0.0,4095624.0,0.0,5726490.5,0.0
gen_3_40,45873486.5,0.0,2776192.0,0.0,1656132.5,0.0,1950314.5,0.0
gen_102_29,8386977.0,0.0,4143232.0,0.0,3639952.5,0.0,6965326.0,0.0
gen_106_7,164882.5,0.0,412416.0,0.0,277643.5,0.0,3949159.5,0.0
gen_103_13,501907.5,0.0,1650944.0,0.0,1860183.5,0.0,4247833.5,0.0
gen_10_4,38694814.0,0.0,21899520.0,0.0,19428532.5,0.0,12137689.0,0.0
gen_0_20,24627109.5,0.0,7328000.0,0.0,2093809.5,0.0,1777701.0,0.0
gen_113_21,482697.0,0.0,929536.0,0.0,936747.5,0.0,3588876.0,0.0
gen_110_9,1584386.5,0.0,1925504.0,0.0,2103677.5,0.0,3746612.5,0.0
gen_102_23,55918268.5,0.0,36806016.0,0.0,30464190.0,0.0,32400654.5,0.0
gen_110_8,1669820.0,0.0,1839616.0,0.0,1801686.5,0.0,4447270.0,0.0
gen_4_13,872156.0,0.0,381440.0,0.0,1231.0,0.0,1176582.5,0.0
gen_8_3,45047414.0,0.0,44247680.0,0.0,32960193.5,0.0,31402627.5,0.0
gen_100_8,405215.5,0.0,872192.0,0.0,942718.0,0.0,2531632.5,0.0
